match_id,stars
91,3.5
95,3.25
96,3.75
106,3.5
265,3.75
270,4.5
276,3.75
278,3.5
279,3.5
280,4.25
438,3.75
455,3.25
456,3.5
464,4.25
506,4.75
510,3.0
714,3.75
717,3.25
719,3.25
720,3.0
1214,2.25
1327,4.5
1330,4.0
1399,3.25
1401,3.25
1402,3.75
1406,4.0
1427,4.0
1573,4.5
1692,4.0
2026,4.0
2034,3.75
2035,4.0
2036,2.25
2037,4.75
2038,3.5
2039,5.0
2040,4.25
2041,4.5
2350,3.5
2355,3.5
2404,4.0
2526,3.25
2529,3.75
2687,3.25
2925,3.5
2926,3.5
2965,4.5
3005,3.25
3007,3.5
3039,4.5
3040,4.75
3065,4.0
3066,3.5
3068,3.5
3069,4.25
3192,3.75
3439,3.5
3594,3.25
3595,1.5
3596,0.0
3597,2.75
3598,3.0
3599,2.75
3600,3.75
3664,4.75
3665,4.75
3666,3.75
3667,2.25
3668,4.75
3669,3.25
3670,4.75
3671,4.0
3672,4.5
3759,3.25
3760,3.75
3951,3.25
3952,4.25
3954,3.5
3955,3.25
3957,4.75
4054,3.75
4135,4.5
4136,3.75
4139,4.0
4229,3.75
4230,4.75
4231,4.75
4232,4.25
4273,3.75
4504,1.5
4505,3.25
4507,2.0
4508,3.25
4509,1.5
4510,3.75
4511,4.75
4512,3.0
4513,4.5
5003,4.0
5173,4.25
5175,3.25
5176,4.0
5180,4.0
5204,3.5
5212,3.25
5308,3.25
5310,3.5
5313,4.25
5339,4.25
5489,3.25
5590,3.75
5637,3.5
5638,4.0
5640,3.75
5740,4.25
6023,3.75
6025,4.25
6028,3.25
6029,4.0
6444,4.0
6447,4.0
6514,3.0
6517,3.25
6518,4.0
6589,4.25
6773,4.25
7072,3.25
7076,4.0
7079,4.25
7080,4.5
7176,4.0
7177,3.75
7325,4.5
7329,4.0
7362,3.5
7363,4.0
7548,3.75
7549,4.5
7551,4.0
7553,4.0
7554,4.25
7644,3.5
7662,3.5
7663,3.25
7665,3.25
7666,3.25
7667,3.5
7668,4.0
7669,4.5
8081,4.0
8145,3.75
8146,3.75
8148,3.5
8149,3.5
8151,3.75
8152,4.5
8216,3.5
8218,3.25
8219,3.75
8398,2.0
8399,4.0
8496,4.25
8497,4.25
8499,4.75
8501,3.75
8507,4.5
8563,4.25
8567,3.75
8757,3.75
8973,3.5
8975,4.0
8976,4.5
8977,4.0
9033,4.75
9206,4.0
9365,3.5
9366,4.25
9509,3.75
9832,4.5
9834,3.25
9836,4.0
9927,3.5
9930,3.75
9931,4.0
10069,3.25
10072,4.5
10148,3.5
10360,3.75
10363,3.25
10364,3.5
10366,4.25
10367,4.5
10368,4.25
10577,3.75
10601,3.75
10602,4.75
10603,3.25
10604,4.0
10605,4.75
10606,2.75
10607,5.75
10608,4.5
10609,4.75
10662,4.75
10870,3.5
10945,4.25
10946,4.0
10947,1.25
10948,3.5
10949,2.5
10950,3.5
10973,3.25
10975,3.5
10976,4.0
11234,3.75
11253,3.75
11254,4.25
11256,4.25
11437,3.25
11438,2.75
11439,3.75
11440,4.25
11441,2.5
11442,5.0
11443,4.25
11444,5.0
11445,4.5
11446,4.5
11518,3.25
11520,3.25
11521,3.25
11522,4.25
11523,3.25
11524,4.25
11770,3.5
11773,3.25
11775,4.25
11777,4.0
12023,4.25
12027,4.25
12029,4.0
12313,4.0
12317,3.5
13094,4.25
13096,3.5
13099,4.0
13318,4.0
13333,3.5
13335,4.0
13476,2.0
13477,2.0
13478,2.25
13479,3.5
13480,4.0
13482,3.25
13483,4.0
13484,3.75
13485,5.0
13517,3.75
13518,3.25
13519,2.0
13520,1.75
13521,2.75
13522,4.25
13523,2.0
13524,2.0
13594,5.0
13753,3.5
13755,3.75
13757,3.5
13809,4.5
14106,4.75
14108,4.25
14109,3.25
14110,4.75
14112,3.75
14113,3.75
14114,3.5
14140,4.75
14186,3.5
14294,3.25
14296,4.0
14297,3.75
14299,3.25
14300,4.5
14301,4.75
14302,4.75
14348,4.25
14350,4.5
14352,5.0
14501,3.75
14505,4.0
14585,3.5
14586,4.25
14738,4.0
14742,4.25
14828,3.75
14933,2.25
14934,3.75
14935,4.5
14936,2.75
14937,4.0
14938,4.75
14940,5.0
15044,4.0
15046,4.0
15047,4.5
15048,4.75
15055,3.25
15056,3.75
15060,3.25
15228,3.5
15230,3.5
15232,4.25
15322,4.25
15352,2.75
15353,2.5
15354,3.75
15355,3.25
15356,4.75
15357,4.5
15380,3.5
15713,3.25
15717,3.75
16006,4.5
16007,4.25
16008,3.25
16050,4.5
16134,3.25
16135,3.5
16136,3.0
16137,3.25
16138,3.5
16140,3.25
16204,4.0
16218,3.5
16220,5.0
16244,4.0
16245,3.75
16246,3.75
16297,4.0
16298,3.5
16299,3.5
16301,4.5
16302,3.5
16312,3.5
16314,3.5
16359,4.0
16749,4.5
17170,3.75
17171,3.25
17172,1.5
17174,2.5
17214,4.5
17501,3.5
17504,4.5
17550,3.25
17661,4.0
17854,3.75
17856,4.25
17857,3.75
17860,3.75
17861,4.0
17862,3.75
17967,4.25
18171,4.25
18191,4.25
18269,3.25
18270,4.0
18327,4.0
18329,4.0
18356,3.5
18439,3.5
18444,3.75
18458,3.5
18460,4.0
18463,4.5
18568,4.25
18637,4.0
18640,3.75
18663,1.25
18664,4.25
18665,4.0
18666,4.5
18667,3.75
18668,5.0
18913,3.5
18998,4.5
19039,4.25
19040,3.25
19155,3.25
19156,3.0
19157,3.5
19158,3.25
19159,1.0
19160,4.5
19174,2.5
19176,1.5
19180,4.0
19181,4.0
19183,1.25
19191,4.0
19205,4.75
19242,4.5
19243,3.5
19244,4.75
19246,4.0
19274,3.75
19353,5.0
19354,4.5
19375,3.25
19518,3.0
19520,3.5
19521,3.75
19523,4.25
19771,4.5
20083,3.5
20084,2.5
20085,3.5
20086,3.5
20087,4.5
20088,4.5
21010,4.25
21089,3.5
21092,3.75
21123,3.75
21127,4.5
21128,3.5
21175,3.5
21177,3.5
21190,3.5
21192,3.25
21211,3.5
21390,3.75
21532,4.5
21755,3.25
21756,3.5
21757,3.75
21758,3.75
21759,3.75
22159,3.5
22455,3.75
22456,4.0
22457,4.25
22458,3.25
22977,3.5
23036,4.0
23078,3.75
23105,3.5
23107,3.75
23108,4.25
23109,4.0
23111,4.25
23112,4.5
23164,4.25
23167,3.75
23310,3.75
23313,4.75
23319,3.75
23489,3.75
23492,4.5
23496,4.0
23517,2.0
23518,4.5
23519,3.5
23520,2.5
23521,4.75
23611,3.5
23616,3.75
23771,4.0
23772,4.5
24129,4.0
24130,4.0
24143,3.75
24362,3.5
24374,4.0
24674,4.0
24675,3.5
24840,4.25
25080,4.25
25173,3.75
25175,3.25
25176,4.0
25177,3.75
25178,3.75
25179,4.5
25180,4.75
25181,5.0
25271,3.75
25272,4.25
25368,3.5
25369,3.25
25390,3.25
25416,4.0
25418,3.75
25419,4.0
25420,4.5
25433,4.0
25434,3.75
25436,4.0
25449,4.75
25450,3.5
25451,4.75
25590,4.0
25622,3.25
25915,4.0
26086,2.75
26087,4.0
26088,2.25
26089,5.25
26266,2.75
26267,2.0
26268,3.0
26297,4.5
26299,4.25
26300,4.75
26301,4.25
26365,3.75
26401,3.5
26626,3.5
26627,4.25
26628,3.75
26629,3.5
26630,4.0
26631,4.0
26663,4.5
26664,4.25
26665,3.25
26667,4.75
26668,3.5
26690,3.5
26734,3.75
26992,3.5
26999,4.0
27000,4.0
27001,3.25
27002,3.5
27003,3.5
27009,3.75
27011,3.25
27014,3.0
27015,3.25
27016,4.0
27042,3.25
27046,3.75
27048,4.75
27128,3.25
27281,4.25
27337,3.5
27433,3.25
27444,3.25
27445,4.5
27446,3.5
27447,4.75
27448,3.75
27512,3.75
27515,4.0
27525,4.0
27526,2.0
27527,1.0
27528,3.25
27529,3.5
27530,3.75
27531,4.25
27532,4.5
27565,3.75
27691,3.25
27741,3.5
27837,3.25
27838,4.25
27840,3.5
27841,4.0
27903,3.25
27905,3.5
27906,4.25
27907,4.5
27908,4.25
28034,4.5
28036,3.25
28515,4.5
28516,2.5
28517,3.5
28639,4.0
28758,4.25
28768,3.75
28770,5.0
28796,3.5
28797,3.25
28798,3.5
28799,3.25
28801,4.25
29068,3.75
29069,3.5
29070,4.5
29071,4.25
29072,4.5
29408,3.75
29410,3.5
29411,3.5
29492,3.75
29660,3.25
29661,4.0
29663,3.75
29664,3.75
29665,4.25
29983,4.0
29987,3.75
29988,4.25
29989,4.25
29990,4.0
30082,3.25
30083,2.75
30084,3.25
30085,2.25
30086,3.5
30087,1.0
30088,4.5
30089,3.0
30136,3.0
30137,3.75
30138,4.25
30139,2.5
30140,4.5
30174,3.75
30175,3.75
30176,4.75
30279,3.0
30280,1.5
30281,3.5
30282,4.25
30578,4.0
30626,4.0
30716,4.0
30717,4.0
30780,3.75
30781,3.25
30782,3.5
30783,3.75
30784,3.5
30785,4.25
30894,3.25
30897,3.5
30898,4.0
30969,3.25
30972,3.5
30973,3.5
30974,3.5
31158,4.0
31218,3.5
31219,4.0
31876,3.75
31877,3.5
31878,5.25
31879,4.5
31880,3.5
31919,4.5
31920,4.25
32020,4.0
32028,4.5
32029,3.5
32030,4.25
32031,4.0
32032,4.0
32033,3.5
32034,3.75
32035,3.5
32036,5.0
32038,4.25
32039,3.75
32177,4.0
32179,3.25
32181,3.5
32188,4.0
32190,3.5
32220,3.25
32264,3.25
32265,3.25
32266,3.5
32267,4.25
32269,4.25
32270,4.75
32271,4.5
32384,4.5
32435,4.25
32930,4.5
33075,4.25
33078,4.5
33079,4.25
33149,3.75
33150,3.0
33151,2.25
33152,2.75
33153,3.5
33154,3.0
33155,2.5
33156,4.5
33187,3.75
33188,4.25
33189,3.75
33190,4.75
33191,4.25
33352,4.0
33474,4.0
33476,4.25
33499,3.5
33500,4.0
33531,3.25
33534,3.5
33536,3.5
33538,4.25
34145,4.25
34354,3.5
34367,3.75
34368,4.25
34371,4.0
34397,4.0
34451,3.25
34452,3.75
34453,3.5
34456,3.25
34457,4.0
34798,3.75
34926,4.5
34927,4.0
34928,4.5
34929,4.5
34930,5.0
34931,4.5
35319,3.25
35321,3.5
35322,3.5
35348,4.25
35351,4.25
35428,4.25
35661,3.5
35663,3.5
35739,3.25
35740,3.5
35741,3.5
35892,3.25
35893,4.25
35894,3.5
35895,4.25
35943,4.0
35944,3.25
36153,4.25
36347,3.5
36437,4.5
36438,4.0
36439,4.25
36580,3.25
36583,4.25
36584,4.25
36585,4.25
36630,3.5
36681,4.0
36931,4.0
36932,3.75
37314,3.5
37474,4.0
37521,4.25
37734,2.25
37801,3.5
37863,3.5
37864,4.0
37867,4.0
37868,3.5
37870,4.25
37876,4.25
38057,3.75
38222,3.5
38250,3.5
38509,5.0
38579,3.25
38581,3.75
38584,4.5
38612,2.25
38696,3.25
38698,3.75
38699,4.5
38783,3.75
38873,3.25
38877,3.5
38879,3.75
38880,3.75
38881,3.25
38882,4.5
38945,3.75
38946,2.5
38947,3.25
38948,3.75
38949,4.5
39055,4.25
39119,3.5
39121,4.0
39124,3.5
39299,4.0
39301,4.25
39351,3.75
39352,3.75
39353,4.5
39582,3.5
39583,3.25
39585,3.5
40128,3.25
40129,3.25
40157,4.25
40374,3.25
40771,3.5
40772,3.5
40774,3.25
40776,3.5
40777,4.5
40794,4.25
40799,4.0
40995,4.0
40996,4.0
41018,3.0
41019,2.5
41020,3.0
41021,4.0
41022,1.75
41023,5.5
41024,4.25
41061,4.0
41162,4.0
41192,4.5
41195,3.75
41373,3.5
41375,4.5
41376,4.5
41380,3.5
41603,3.25
41604,3.0
41605,4.0
41606,4.5
41607,4.0
41608,4.5
41741,4.5
41743,3.5
41744,3.5
41836,4.75
41954,3.5
41956,3.75
41957,4.0
41960,3.75
41961,3.75
42078,4.25
42233,4.5
42243,4.25
42244,4.5
42278,4.0
42662,4.25
42677,3.5
42686,4.0
42687,3.0
42688,3.0
42703,4.0
42704,4.25
42705,4.0
42706,2.75
42707,3.0
42708,4.0
42709,5.25
42710,4.0
42924,4.25
42929,4.0
42935,4.25
42936,4.5
42937,2.75
42938,1.5
42939,4.0
42940,4.5
42941,3.5
42943,2.75
42958,3.5
42959,3.5
42960,4.0
42964,3.75
43332,3.75
43363,3.0
43368,3.75
43525,4.0
43676,3.75
43713,3.5
43714,3.25
43716,3.5
44012,4.25
44013,3.5
44026,3.75
44027,1.5
44055,1.25
44056,3.25
44057,2.5
44186,3.5
44187,3.75
44188,4.0
44189,2.5
44190,4.75
44191,4.25
44230,4.25
44237,3.5
44242,4.25
44848,3.75
44940,3.5
44947,2.25
44950,3.25
44951,2.75
44952,3.5
44953,3.25
44954,3.0
44955,3.0
44956,4.25
44976,5.25
45273,4.5
45278,3.75
45280,4.5
45281,4.75
45282,5.0
45511,4.5
45520,3.25
45613,3.75
45656,4.5
45657,3.5
45658,3.5
45659,4.0
45660,3.25
45661,3.25
45873,3.75
45874,4.0
45875,4.25
45876,4.5
46187,3.5
46188,3.75
46334,3.25
46335,3.25
46336,3.25
46337,3.75
46338,5.5
46470,2.75
46471,2.75
46472,3.0
46473,3.5
46474,3.5
46475,4.0
46531,3.25
46532,2.75
46533,3.5
46647,4.0
46648,3.5
46649,3.25
46650,3.75
46651,4.25
46660,4.25
46743,3.75
46900,3.5
46901,3.25
46912,3.5
46923,2.0
46925,2.0
46926,3.0
46927,3.5
46928,3.5
46929,3.25
46930,3.25
46931,2.5
46932,4.25
46933,4.5
46986,3.5
46987,4.0
46992,4.25
47062,3.25
47155,3.25
47157,3.75
47158,3.75
47159,4.75
47403,4.25
47471,4.0
47502,3.5
47682,3.25
47683,3.5
47718,4.0
48041,4.25
48185,4.5
48186,3.75
48187,4.5
48188,4.25
48343,3.5
48465,3.5
48792,3.5
48828,3.75
49099,4.25
49105,3.75
49122,3.25
49123,3.5
49124,3.25
49126,4.0
49127,4.75
49148,3.5
49220,3.5
49297,3.25
49302,4.25
49353,5.0
49354,3.25
49355,3.25
49356,4.25
49357,5.0
49391,3.25
49394,3.5
49396,3.5
49463,3.5
49626,3.75
49630,3.5
49631,3.5
49714,3.25
49721,3.75
49722,3.25
49943,3.25
49944,3.75
49945,4.25
49946,4.25
49947,4.0
50122,3.75
50123,3.5
50186,4.75
50191,4.25
50427,4.25
50585,3.0
50661,3.25
50977,3.75
50978,3.75
50979,3.5
50981,5.0
51152,4.5
51155,3.75
51267,3.25
51273,3.5
51275,3.5
51279,3.75
51389,4.0
51391,3.25
51467,3.5
51469,3.25
51568,3.5
51570,4.5
51659,3.5
51778,4.25
51782,3.5
52073,3.75
52141,3.25
52142,4.0
52143,3.5
52144,3.0
52145,3.25
52146,3.25
52186,4.25
52191,3.25
52269,1.0
52270,3.0
52856,3.5
52859,4.5
52889,3.5
53068,4.0
53353,2.75
53354,2.25
53355,3.25
53356,3.0
53357,3.5
53358,4.75
53408,4.5
53537,3.75
53538,4.25
53539,3.75
53547,3.5
53548,3.75
53572,4.0
53573,3.25
53574,3.75
53575,4.0
53592,3.75
53596,3.5
54082,2.25
54084,4.25
54085,3.25
54172,3.25
54175,3.5
54176,4.25
54247,3.75
54252,3.5
54278,3.5
54282,3.75
54381,4.0
54384,4.0
54547,3.5
54562,3.5
54567,3.5
54582,3.5
54719,3.75
54720,1.5
54721,4.0
54722,4.25
54795,3.75
54797,4.0
55065,4.0
55066,3.25
55067,4.0
55068,4.5
55177,4.0
55468,4.75
55668,3.25
55723,4.75
55725,3.5
55726,3.75
55727,3.5
55991,2.5
56446,4.0
56447,4.75
56448,4.0
56535,3.5
56536,4.75
56538,4.75
56539,5.25
56540,5.25
56562,4.75
56570,4.25
56572,3.75
56576,3.75
57048,3.5
57140,3.5
57182,3.5
57185,3.0
57187,4.5
57310,3.5
57571,3.5
57573,3.5
57748,5.0
57796,5.0
57898,3.75
57901,4.0
58305,4.25
58307,3.75
58466,4.0
58497,4.0
58500,4.0
58528,4.0
58529,4.5
58530,3.75
58531,3.75
58532,2.0
58586,4.25
58587,4.5
58645,3.25
58879,3.75
58884,3.5
58885,3.75
58942,3.25
58943,3.25
58944,2.0
58945,3.0
58946,4.5
58947,3.5
58949,3.25
58950,3.25
58951,3.75
59166,4.5
59406,4.0
59457,3.25
59459,3.25
59460,3.75
59461,3.75
59462,3.25
59551,4.75
59553,3.75
59602,3.25
59702,4.0
59915,3.75
60011,4.25
60229,3.75
60233,3.75
60240,3.75
60241,4.25
60348,3.25
60353,3.5
60374,4.5
60385,3.5
60450,3.25
60451,1.75
60452,4.5
60453,4.5
60454,5.5
60578,3.5
60719,3.75
60856,2.5
61351,4.75
61470,4.25
61471,4.0
61492,4.25
61493,4.0
61669,3.5
61673,4.5
61674,3.25
61681,3.25
61683,4.0
61787,4.0
61790,4.0
61793,3.5
61820,4.5
61983,4.25
61986,4.75
61988,3.5
61989,4.5
62067,4.25
62124,3.25
62126,3.5
62128,4.5
62288,3.5
62291,3.5
62292,3.5
62293,4.5
62294,4.5
62295,4.5
62296,6.0
62354,3.25
62355,3.5
62356,4.25
62407,3.5
62487,4.0
62582,4.25
62585,3.5
62589,3.75
62644,4.25
62645,4.0
62648,3.5
62650,4.5
62676,3.5
62677,4.25
62679,3.75
62680,4.25
62681,5.0
62963,3.75
63119,4.0
63120,3.75
63173,4.0
63175,4.25
63364,3.75
63377,3.5
63380,3.25
63573,3.5
63581,4.25
63664,3.5
63665,4.0
63666,3.75
63749,3.25
63750,3.75
63751,3.5
63753,2.25
63754,4.25
63915,4.0
63916,3.5
63917,4.25
63918,4.5
63992,3.5
63995,3.75
63996,4.0
64009,3.25
64016,3.75
64017,4.75
64022,3.75
64023,3.75
64024,3.5
64025,2.0
64026,3.75
64821,4.0
65056,4.0
65061,3.5
65078,4.25
65112,3.5
65115,3.75
65117,3.75
65188,3.5
65189,4.0
65190,1.0
65191,4.5
65408,4.0
65411,3.5
65467,3.5
65482,3.5
65548,4.0
65573,3.5
65578,3.5
65596,4.25
65621,3.25
65625,4.25
65626,3.75
65627,3.5
65628,3.5
65629,5.75
65673,3.5
65771,3.75
65774,3.0
65854,3.5
65937,3.25
66135,3.25
66138,3.5
66139,4.25
66141,4.75
66142,4.5
66143,4.0
66154,4.25
66315,3.25
66322,4.0
66323,4.25
66324,4.0
66430,3.5
66431,4.75
66585,4.25
66657,5.0
66862,3.25
66865,3.25
66867,3.75
66868,3.25
66869,3.5
66905,4.25
67131,4.0
67132,3.5
67134,4.5
67256,4.5
67280,1.5
67281,2.75
67282,3.5
67283,4.5
67284,4.5
67285,2.0
67286,3.5
67404,3.25
67408,4.0
67409,4.0
67410,3.75
67411,4.5
67464,3.5
67465,4.25
67469,4.25
67527,2.5
67560,3.75
67561,4.5
67610,3.5
67672,3.25
67674,2.5
67675,3.25
67676,3.5
67800,4.5
67805,4.0
67832,4.0
67837,3.5
68026,4.75
68042,4.5
68176,3.75
68177,3.25
68178,3.25
68179,4.0
68180,4.25
68181,4.75
68285,4.0
68406,4.0
68408,3.75
68409,3.5
68717,3.75
68807,3.5
68808,2.75
68810,4.25
68811,5.0
68938,3.5
69239,3.25
69295,4.5
69399,3.75
69414,3.75
69416,3.5
69417,4.0
69418,3.5
69584,3.5
69751,4.0
69752,4.25
69857,3.5
69859,3.5
69863,3.5
69877,3.5
69880,3.5
69893,2.25
69894,4.0
69895,2.25
69896,3.75
69897,3.0
69898,4.25
69926,2.5
69927,3.5
69964,3.75
69965,4.0
69973,3.5
70113,4.75
70805,3.25
70807,3.75
70808,3.5
70813,3.5
71122,4.0
71249,4.0
71325,4.25
71329,3.5
71554,4.0
71595,4.0
71596,3.25
71809,4.25
71837,4.25
71859,3.25
71924,3.5
71926,4.0
71968,3.75
72017,4.5
72127,3.25
72129,3.0
72130,4.75
72132,3.5
72133,3.25
72137,3.5
72140,3.75
72267,3.75
72268,4.75
72355,3.25
72356,3.75
72357,1.75
72358,1.25
72359,4.5
72361,2.0
72362,2.0
72363,1.0
72365,3.0
72536,4.0
72538,3.25
72540,3.75
72541,3.5
72542,4.25
72655,4.25
72763,3.25
72765,4.0
72766,4.25
72922,3.5
72923,3.25
72940,4.5
72972,4.25
73258,3.25
73292,4.5
73295,4.25
73452,4.0
74042,4.25
74043,4.0
74044,4.5
74045,3.5
74046,4.0
74047,4.25
74074,3.5
74075,3.75
74077,4.0
74078,4.5
74128,4.0
74188,4.25
74204,4.25
74367,3.5
74369,3.0
74502,3.75
74623,3.25
74625,4.0
74627,4.0
74632,3.5
74633,4.25
74634,4.0
74635,4.5
74885,4.25
74889,3.5
74891,4.0
74999,3.75
75122,3.75
75123,3.5
75124,4.0
75125,5.5
75323,3.25
75324,3.5
75325,3.75
75326,4.0
75327,4.5
75328,4.5
75329,4.5
75345,4.0
75900,4.0
75901,3.75
75982,3.5
75983,3.0
75984,3.0
75985,3.5
75986,3.75
75987,4.75
75988,4.0
75989,4.75
76434,1.5
76435,3.75
76752,4.0
76756,4.75
76760,4.5
77106,4.75
77273,3.5
77388,4.5
77403,3.5
77406,3.5
77407,3.5
77408,4.0
77409,3.5
77440,3.25
77441,2.5
77442,1.0
77443,4.5
77444,5.5
77742,3.5
77745,4.5
77773,3.5
78012,4.5
78030,4.0
78031,3.5
78139,4.25
78654,2.25
78686,3.75
78687,3.75
78698,3.75
78700,3.25
78702,4.0
78703,5.0
78730,3.5
78839,3.5
78840,3.75
78841,3.25
78842,3.75
78843,4.5
78953,3.75
79290,3.75
79416,3.25
79419,3.75
79421,3.25
79422,4.25
79432,3.75
79554,3.75
79647,4.0
79650,4.0
80055,3.75
80056,3.25
80059,3.75
80061,4.5
80181,4.0
80182,3.5
80397,3.5
80613,4.25
80699,4.0
80700,3.0
80701,3.75
80702,3.75
80703,5.0
80704,4.75
80705,4.25
80815,3.25
80925,4.0
81046,3.5
81047,3.5
81051,3.75
81301,3.75
81305,4.0
81417,3.5
81429,3.5
81430,1.5
81431,2.0
81433,1.0
81434,2.25
81435,1.75
81471,4.75
81610,4.0
81620,4.0
81657,3.25
81662,3.5
81664,4.25
81857,3.75
81934,3.25
81961,3.75
81962,4.0
81963,0.0
81964,1.5
81966,4.75
81967,4.5
82015,3.75
82017,4.0
82018,2.25
82019,1.5
82020,3.5
82021,4.0
82122,3.25
82123,4.5
82124,4.75
82125,5.0
82182,4.5
82184,4.25
82564,3.5
82565,3.25
82566,4.0
82568,3.75
82569,3.75
82570,3.5
82571,3.5
82644,3.75
82748,4.5
82749,3.75
82789,3.75
82790,3.75
82791,4.0
82792,2.25
82793,4.25
82794,3.25
82795,4.0
82796,4.0
82870,4.25
82954,2.75
82955,2.0
82956,3.25
82957,3.0
82958,4.25
82959,3.75
82960,3.75
82961,3.5
82962,4.5
82963,3.75
83021,3.5
83055,3.75
83058,3.5
83192,3.75
83193,4.25
83194,3.5
83195,4.0
83196,4.0
83197,3.25
83198,3.75
83200,4.25
83318,3.75
83453,4.75
83511,3.5
83512,4.0
83513,4.0
83514,4.5
83515,3.5
83516,4.0
83517,1.5
83659,1.75
83660,2.0
83661,3.25
83682,4.0
83683,4.5
83684,3.5
83823,3.5
83939,3.25
83942,3.75
83944,3.25
83945,4.25
83946,4.75
83947,4.5
84004,4.5
84084,4.0
84165,3.5
84206,3.0
84207,3.75
84208,3.25
84209,4.0
84210,4.0
84211,5.5
84257,3.5
84378,3.25
84379,3.25
84458,3.75
84988,4.25
84990,3.25
84991,2.75
84992,4.0
84995,3.5
84999,4.0
85106,4.0
85226,3.5
85476,3.5
85477,4.0
85478,4.25
85567,3.25
85568,4.0
85569,4.0
85570,3.75
85571,4.75
85572,3.25
85573,6.0
85574,3.0
85575,4.75
85753,4.25
86122,4.25
86123,4.25
86125,3.75
86190,3.5
86350,3.5
86351,4.0
86353,4.0
86367,4.25
86483,4.25
86989,3.5
87282,3.25
87288,4.0
87289,4.0
87290,4.25
87291,4.25
87292,3.75
87293,3.0
87294,2.25
87295,3.75
87296,1.75
87297,3.5
87298,4.5
87299,3.75
87404,3.25
87405,3.5
87653,4.25
87654,3.25
87655,4.5
87656,3.75
87657,4.5
87955,3.25
87956,2.75
87957,3.75
87958,4.0
87959,4.5
87960,4.5
88012,3.75
88033,3.75
88035,4.25
88036,3.25
88125,4.5
88126,4.0
88282,3.5
88283,3.75
88303,3.25
88304,3.75
88305,2.5
88306,3.25
88307,4.5
88308,3.75
88333,3.25
88334,3.0
88335,2.5
88336,3.25
88337,3.5
88338,4.25
88360,3.5
88361,3.5
88362,3.75
88363,4.75
88364,3.75
88389,3.75
88470,3.25
88471,3.25
88472,3.0
88473,4.5
88474,2.5
88475,3.5
88579,4.0
88637,3.5
88638,3.25
88640,3.5
88642,1.5
88648,4.25
88649,3.5
88651,3.5
88653,3.5
88709,4.0
88712,4.0
88735,3.5
88736,4.5
88737,3.5
88738,4.5
88739,3.25
88740,4.25
88741,3.5
88742,4.25
88757,3.5
88758,1.0
88759,2.0
88760,4.25
88762,4.25
88803,3.25
89088,3.25
89090,3.5
89092,3.75
89093,3.5
89094,4.0
89095,3.75
89124,3.75
89194,3.5
89195,4.5
89197,4.75
89469,4.0
89470,3.5
89494,4.25
89495,4.25
89496,3.25
89497,4.0
89498,4.0
89499,4.5
89500,4.5
89559,4.25
89885,4.5
89933,3.75
89934,4.0
89935,3.25
89974,4.25
89978,4.5
90164,3.75
90165,4.0
90166,4.25
90167,4.25
90185,2.5
90186,3.25
90187,4.5
90188,3.5
90189,2.75
90390,4.0
90398,3.75
90402,3.25
90469,3.5
90470,3.5
90483,1.25
90484,4.0
90485,1.5
90486,3.5
90487,4.0
90488,4.0
90601,3.5
90723,4.0
90777,3.5
90837,4.75
90929,4.0
90931,4.5
90932,3.75
90933,3.5
91181,3.25
91183,3.75
91445,4.25
91446,1.75
91447,1.5
91448,3.5
91449,3.5
91512,3.75
91513,3.25
91514,3.75
91515,3.75
91538,3.5
91544,3.5
91646,3.75
91651,4.75
91793,4.25
91794,4.5
91806,4.0
91892,2.0
92046,3.25
92047,4.5
92048,3.5
92050,4.75
92192,4.0
92256,4.5
92304,4.0
92305,3.5
92306,4.25
92308,3.75
92482,4.75
92483,3.75
92484,3.0
92485,1.25
92486,3.75
92487,3.5
92488,4.25
92489,4.0
92490,3.0
92680,3.5
92888,2.75
92889,2.5
92890,3.25
92891,4.5
92892,4.75
92898,3.5
92901,4.0
92913,4.0
92914,3.25
92916,3.5
92973,3.5
92974,1.75
92975,4.5
92976,4.25
92977,1.5
92978,3.25
93020,4.0
93278,3.5
93490,3.5
93553,3.25
93554,3.75
93555,3.25
93557,3.25
93560,3.5
93561,3.5
93621,4.0
93660,3.25
93664,4.0
93734,3.25
93917,3.5
94197,4.0
94199,3.5
94201,3.25
94265,3.25
94268,4.5
94373,3.5
94376,3.5
94490,3.5
94513,3.5
94515,3.75
94516,3.5
94549,4.5
94550,4.0
94729,3.75
94740,3.75
94741,4.5
94935,3.5
94978,3.75
94979,3.5
94980,4.0
94982,3.5
94983,3.25
94984,4.25
94985,3.25
95034,3.25
95072,3.25
95076,3.25
95077,3.5
95267,4.25
95294,3.5
95561,1.0
95562,1.5
95563,4.75
95564,2.5
95565,2.0
95566,3.75
95567,3.5
95585,4.0
95586,3.25
95588,4.0
95590,4.0
95591,3.75
95592,4.25
95593,5.0
95668,4.5
95710,3.75
95714,3.75
95772,3.25
95773,4.25
95774,3.25
95775,4.0
95776,3.75
95777,4.0
95778,4.75
95779,4.25
95780,4.5
95825,2.75
95826,3.0
95827,2.25
95828,3.0
95829,3.5
95830,1.0
95831,4.25
95832,4.25
95833,4.75
95868,4.0
95871,4.0
95874,4.0
95948,3.75
95953,3.5
95954,4.5
95955,5.5
96169,4.25
96174,4.5
96191,3.75
96362,4.5
96363,3.25
96364,3.25
96365,2.0
96366,4.25
96393,2.25
96394,2.75
96395,4.5
96396,2.75
96397,2.0
96398,4.0
96399,3.5
96400,4.25
96516,3.25
96519,3.75
96613,3.5
96614,3.75
96615,4.75
96622,4.5
96624,3.5
96662,3.75
96664,3.75
96715,4.25
96717,3.5
96718,3.5
96719,2.75
96720,3.5
96721,4.5
96775,4.0
96800,3.25
96803,3.5
96921,4.5
97152,3.5
97308,2.25
97309,2.0
97310,2.75
97311,3.25
97312,3.5
97313,3.75
97323,3.5
97417,3.0
97421,3.5
97422,3.0
97423,4.5
97424,3.75
97425,3.25
97429,3.25
97433,3.25
97523,3.25
98102,4.25
98444,4.25
98445,4.0
98448,3.75
98449,4.5
98535,3.5
98536,3.5
98538,3.75
98607,4.25
98608,4.0
98624,3.25
98625,3.75
98888,4.5
99066,3.5
99070,3.5
99072,4.5
99073,3.75
99074,4.5
99210,4.0
99211,3.75
99213,4.75
99236,3.25
99238,4.5
99241,4.0
99265,3.25
99266,3.25
99267,3.25
99288,3.25
99289,3.5
99291,4.5
99292,3.25
99293,4.5
99294,4.5
99295,4.25
99338,4.0
99495,1.5
99497,2.0
99498,1.5
99499,3.25
99500,4.5
99501,3.0
99531,3.75
99532,0.0
99533,2.75
99534,2.0
99535,3.75
99536,2.0
99559,4.75
99560,4.0
99562,4.5
99568,3.25
99637,3.75
100147,4.5
100161,3.5
100162,4.75
100411,2.0
100442,3.25
100446,4.0
100447,4.25
100510,3.0
100511,3.75
100512,6.0
100513,2.0
100514,3.5
100515,3.75
100516,3.75
100579,3.75
100734,3.25
100790,4.5
100791,4.25
100793,3.25
100794,4.5
100817,3.5
100818,3.75
100823,3.5
100981,3.25
100983,4.25
101028,3.5
101030,3.5
101031,4.0
101054,3.75
101171,3.25
101172,4.25
101173,3.25
101174,4.5
101235,4.0
101247,3.75
101249,4.25
101429,3.75
101431,3.25
101639,3.25
101640,3.25
101641,3.5
101642,4.25
101643,4.5
102144,3.5
102379,3.75
102380,3.5
102382,3.5
102383,4.25
102384,3.75
102519,3.75
102522,4.25
102529,4.5
102599,4.0
102867,3.75
102894,3.75
102902,3.75
103004,3.25
103006,3.5
103256,4.5
103378,3.5
103379,4.25
103380,3.75
103381,5.0
103382,3.5
103383,4.0
103391,4.75
103487,3.25
103488,3.25
103489,3.5
103490,3.75
103492,4.0
103493,5.0
103494,4.5
103599,3.5
103664,2.0
103665,3.0
103666,2.0
103667,3.25
103668,3.25
103669,3.5
104132,3.25
104134,4.0
104135,3.0
104136,3.5
104137,3.75
104526,3.5
104636,3.0
104637,3.25
104638,3.75
104639,3.5
104640,4.0
104699,4.25
104700,4.5
104701,3.0
104702,3.75
104703,4.25
104704,3.5
104713,3.75
104979,4.75
104992,3.5
105064,3.5
105065,4.0
105066,2.75
105067,4.25
105068,2.0
105070,3.5
105071,2.75
105072,3.75
105074,3.0
105114,2.25
105115,3.25
105116,3.5
105117,3.5
105118,1.5
105119,3.75
105120,2.5
105121,1.0
105624,4.0
105653,4.5
105654,4.5
105667,2.0
105668,2.25
105669,3.75
105670,3.25
105671,3.75
105672,4.0
105673,2.75
105674,3.25
105675,4.5
105676,6.25
105677,4.5
105968,3.75
105971,3.75
106074,3.75
106075,3.5
106076,3.5
106077,1.5
106078,3.75
106079,3.75
106080,4.25
106081,3.5
106120,3.5
106148,4.25
106223,4.0
106459,2.25
106460,3.0
106461,2.0
106462,2.75
106463,3.0
106464,2.75
106465,3.0
106466,5.75
106543,3.25
106545,3.25
106546,3.5
106547,3.75
106548,4.25
106549,4.5
106690,3.5
106692,4.75
106697,3.25
106698,3.75
106699,3.5
106753,4.0
106912,3.75
106915,3.5
106998,3.75
107180,4.0
107183,4.0
107185,4.25
107304,3.5
107322,3.25
107323,3.25
107324,4.25
107326,4.0
107327,3.75
107444,3.5
107448,4.0
107577,5.25
107899,3.75
107900,4.25
107901,4.5
108057,1.75
108243,4.0
108282,4.5
108283,3.25
108284,3.5
108285,3.5
108286,3.0
108287,3.5
108288,3.5
108721,1.0
108722,4.25
108723,4.0
108724,1.0
108725,1.5
108726,1.25
108727,3.0
108728,2.25
108967,3.5
109042,4.25
109155,4.25
109156,5.0
109199,3.75
109202,3.25
109205,3.5
109206,3.75
109207,4.75
109208,4.75
109328,3.75
109332,3.5
109569,3.5
109571,3.25
109572,3.5
109573,4.75
109649,4.5
109770,3.25
109774,3.75
109867,4.5
109980,4.25
109981,1.5
109983,2.5
109984,3.75
109986,3.75
109988,3.25
110144,4.0
110146,3.5
110201,4.25
110206,4.75
110207,4.5
110566,1.5
110567,3.5
110569,1.0
110570,3.0
110571,2.5
110572,3.0
110673,3.25
110675,4.25
110710,3.25
110711,3.75
110712,3.25
110851,3.0
110891,3.5
110968,4.25
110971,4.0
110973,5.0
110975,4.25
111080,3.75
111083,3.25
111109,2.5
111110,3.25
111111,1.5
111112,0.0
111113,2.25
111114,1.75
111115,2.5
111117,0.0
111143,3.5
111227,3.75
111387,3.75
111389,3.25
111391,4.25
111403,3.75
111556,3.25
111558,4.5
111559,2.5
111561,4.0
111808,4.5
111857,3.25
111858,3.5
111861,3.5
111862,3.25
111863,4.75
111967,3.25
111970,3.5
111973,4.0
111974,4.25
112059,4.25
112170,4.25
112214,3.5
112217,4.75
112273,3.25
112274,3.75
112355,3.5
112356,4.0
112359,3.5
112410,3.75
112578,4.0
112580,4.0
112909,3.75
112995,4.5
113206,3.5
113213,5.0
113219,4.5
113221,3.5
113280,3.5
113352,5.0
113411,4.0
113421,3.75
113467,3.0
113472,3.0
113474,3.25
113672,3.5
113673,4.0
113674,3.5
113715,3.25
113716,3.5
113717,4.0
113718,3.25
113720,4.75
113721,4.5
113722,4.0
113723,5.0
114368,3.5
114369,4.0
114464,3.75
114465,4.25
114466,4.0
114467,4.75
114485,3.5
114492,3.5
114493,4.0
114494,4.5
114495,3.25
114496,4.0
114497,4.5
114498,4.75
114529,4.25
114587,4.0
114805,4.75
114840,4.25
114841,3.5
114842,3.25
114843,3.75
114844,3.5
114897,3.5
115062,3.25
115065,3.5
115373,1.5
115374,4.25
115375,2.0
115376,2.0
115377,2.25
115378,2.0
115379,3.75
115498,3.25
115499,3.5
115500,3.75
115501,3.75
115502,4.0
115570,4.75
115572,4.75
115589,4.0
115593,4.0
115650,3.5
115652,4.0
115653,4.75
115666,3.5
115748,4.0
115928,5.5
115964,3.5
115967,3.5
116093,3.25
116096,3.25
116097,3.5
116124,4.5
116336,4.0
116370,3.5
116745,3.75
116779,3.75
116937,3.25
116939,4.0
116940,3.25
116943,3.25
117009,4.25
117110,3.75
117186,3.75
117188,4.25
117315,3.25
117377,3.25
117379,3.75
117381,3.25
117383,4.5
117536,4.0
117848,3.25
117850,3.25
117853,4.0
117854,3.75
117855,3.25
117856,3.75
117857,4.25
117873,3.5
117954,3.5
118016,5.0
118022,3.5
118191,3.25
118192,3.5
118193,3.75
118195,3.5
118197,4.25
118198,4.0
118199,3.5
118200,4.0
118212,4.5
118213,4.0
118550,3.5
118551,3.25
118553,3.75
118606,4.0
118835,3.75
118959,3.75
118960,4.0
118994,3.25
118999,4.5
119001,4.0
119111,4.0
119114,3.25
119161,3.5
119257,2.75
119264,4.5
119512,3.5
119870,2.25
119871,2.25
119873,1.75
119874,2.0
119875,2.0
119876,4.5
120322,3.5
120525,3.5
120526,3.25
120527,2.5
120528,3.75
120529,3.0
120530,4.0
120540,3.5
120541,3.75
120544,4.25
120546,4.5
120560,3.75
120562,3.25
120563,4.25
120564,3.75
120565,3.75
120666,4.5
120670,4.25
120671,4.25
120673,3.75
120972,4.0
120973,3.5
120974,3.5
120975,4.25
120982,3.25
120986,3.75
120990,4.25
121017,2.75
121018,3.25
121019,4.0
121020,4.5
121021,4.5
121123,3.75
121129,3.5
121429,3.5
121534,4.5
121764,1.5
121765,1.5
121766,1.25
121768,3.5
121769,2.25
121771,3.75
121772,4.25
121842,4.25
121987,3.5
121988,3.5
121992,4.25
122067,3.0
122068,2.0
122069,2.5
122070,3.75
122337,4.25
122339,3.5
122340,3.75
122342,4.25
122694,3.5
122698,3.75
122699,3.25
122702,3.25
122718,4.5
123231,4.25
123308,3.5
123309,3.25
123310,3.75
123311,3.25
123478,3.5
123501,3.25
123502,3.25
123503,3.75
123504,3.5
123505,4.0
123577,3.75
123585,3.75
123586,4.25
123587,3.5
123589,4.0
123733,4.0
123737,3.5
123954,4.75
123955,4.5
123956,4.5
123957,4.5
123958,3.5
123959,4.75
123960,4.5
123961,4.5
123962,4.5
124132,3.25
124136,3.5
124149,4.25
124150,3.25
124151,4.25
124152,4.25
124153,4.75
124185,3.5
124186,3.25
124187,3.25
124194,4.25
124513,4.25
124541,2.5
124542,3.25
124543,3.5
124544,2.25
124545,1.25
124546,3.5
124547,2.75
124548,3.75
124549,2.5
124550,5.0
124611,4.0
124686,3.5
124936,3.25
124940,3.25
124941,3.5
124942,3.5
124943,4.0
124944,5.0
125214,3.25
125217,3.25
125265,4.25
125608,4.25
125609,1.75
125610,1.5
125611,4.25
125612,4.0
125898,4.5
125899,4.0
125900,3.5
125901,3.25
125902,2.5
125903,1.25
125904,4.75
125906,4.75
125907,3.5
125986,3.25
125989,3.5
125990,3.75
125992,4.0
126084,2.25
126085,2.25
126086,3.5
126087,2.5
126088,6.0
126158,4.0
126164,3.75
126165,3.75
126233,4.25
126236,3.25
126239,3.25
126246,4.25
126322,3.25
126325,4.0
126327,4.5
126414,3.75
126590,4.25
126745,4.25
126763,4.25
126767,3.5
126835,4.0
126838,4.0
126840,3.25
126842,3.75
126902,4.25
126903,3.75
127219,4.0
127292,3.25
127293,3.25
127294,5.0
127706,3.5
127707,3.5
127796,3.75
127957,4.0
127958,2.0
127959,3.75
127960,3.0
127961,4.25
128060,4.0
128203,3.75
128205,3.75
128206,4.25
128301,4.25
128302,4.25
128303,4.25
128304,3.25
128305,4.0
128375,1.75
128376,1.5
128377,3.25
128378,3.5
128379,3.75
128380,3.5
128381,4.25
128382,4.5
128441,2.5
128443,1.0
128444,2.0
128445,1.25
128447,1.75
128448,4.0
128450,3.5
128464,3.75
128796,3.0
128869,4.5
128996,3.0
128997,2.25
128998,3.5
128999,3.75
129000,3.25
129001,2.5
129002,3.25
129003,4.0
129145,4.0
129149,3.25
129249,4.5
129345,3.25
129348,3.5
129349,4.0
129350,3.75
129485,3.5
129486,4.0
129487,3.5
129906,3.5
129969,2.25
130012,3.75
130013,3.5
130014,3.5
130061,4.25
130211,3.25
130219,3.5
130247,4.25
130249,3.75
130314,4.0
130315,3.75
130389,3.75
130390,4.5
130881,3.25
130883,3.0
130884,3.25
130887,3.75
130888,4.25
130889,1.75
130890,4.25
130902,4.25
130903,3.5
131361,3.25
131364,4.5
131366,3.75
131438,3.5
131442,3.25
131443,3.75
131444,3.75
131445,4.75
131446,4.25
131876,3.25
131880,4.0
131920,3.75
131938,4.75
132011,3.5
132036,3.75
132129,4.0
132136,4.25
132139,3.25
132140,3.25
132142,3.75
132143,4.25
132144,4.5
132196,4.0
132251,4.0
132253,3.25
132284,3.75
132320,3.75
132323,4.5
132371,3.75
132372,3.25
132373,2.0
132374,4.0
132375,3.25
132376,4.0
132377,4.0
132378,3.75
132379,4.25
132485,3.75
132564,4.75
132674,4.25
132676,3.5
132845,3.75
132846,4.0
133190,3.5
133316,3.5
133318,4.25
133319,4.75
133320,5.0
133327,3.5
133385,3.75
133440,3.25
133445,4.0
133446,4.5
133447,3.5
133448,3.5
133456,4.0
133465,4.0
133469,3.5
133487,2.25
133638,3.5
133639,3.25
133640,2.25
133725,3.75
133880,4.0
133894,3.75
133919,3.75
133921,3.5
133922,3.25
133970,4.0
133973,3.75
134105,4.5
134464,3.25
134465,3.5
134466,3.75
134469,3.5
134471,3.25
134544,4.5
134547,4.5
134685,3.25
134687,3.5
134688,4.25
134690,4.25
134691,4.75
135124,3.75
135222,3.25
135225,3.5
135226,4.5
135578,4.0
135580,3.5
135581,3.75
135582,4.25
135858,3.5
135944,3.25
135947,3.5
135948,3.75
135961,4.5
135978,4.0
136533,3.5
136581,3.0
136582,2.75
136584,1.5
136585,2.5
136586,3.25
136587,3.5
136588,3.25
136589,4.5
136590,4.75
136791,3.75
136795,4.0
136816,4.5
136817,3.5
136822,2.0
136938,4.25
137432,3.0
137433,3.5
137774,4.0
137775,4.5
137793,4.25
137795,3.75
137864,4.0
137866,3.5
137867,4.25
137869,4.5
138272,4.75
138656,4.25
138677,3.5
138780,3.5
139149,3.25
139150,1.5
139152,3.75
139153,2.5
139154,3.75
139264,3.75
139265,4.25
139666,3.5
139669,3.75
139753,3.25
139760,3.5
139790,3.75
139981,3.75
140054,4.0
140055,4.5
140056,3.75
140091,3.5
140096,3.25
140097,3.5
140134,4.25
140138,4.25
140140,3.5
140195,3.25
140196,3.75
140339,3.75
140439,4.0
140440,3.75
140441,4.25
140457,2.0
140458,1.75
140459,4.75
140460,4.5
140461,4.0
140462,3.25
140689,4.0
140690,3.0
140691,3.25
140692,4.5
140699,3.75
140700,3.25
140701,3.25
140748,4.25
140793,4.25
140794,3.75
140797,4.0
140798,2.5
140802,4.0
140825,3.75
140827,3.75
140828,3.75
140944,4.25
140946,4.0
141047,3.25
141137,2.75
141222,3.25
141224,3.75
141225,3.5
141266,4.25
141268,4.25
141426,3.75
141427,4.0
141822,4.0
141824,3.5
141826,4.0
141827,4.25
141828,3.75
141981,4.0
141982,3.5
141987,3.5
141988,3.25
142341,4.5
142344,4.5
142398,3.25
142399,3.5
142400,3.75
142402,4.0
142403,4.0
142404,4.25
142405,3.25
142414,4.5
142476,3.5
142479,3.75
142498,4.75
142499,3.25
142500,4.25
142501,4.0
142503,3.5
142504,4.5
142505,4.75
142506,5.75
142652,4.5
142701,3.75
142892,3.75
143052,3.75
143055,4.0
143202,3.75
143203,4.0
143416,4.5
143417,3.5
143418,4.25
143419,3.25
143420,5.25
143422,3.5
143423,4.25
143491,3.5
143502,3.25
143758,3.75
143870,4.0
143966,3.75
143968,3.75
143970,4.0
144048,4.25
144049,2.5
144051,3.5
144052,3.5
144053,4.5
144054,3.5
144055,4.25
144140,5.0
144163,3.0
144164,4.75
144165,4.5
144166,4.75
144167,4.5
144185,3.5
144287,2.75
144289,2.0
144290,4.5
144345,3.5
144453,3.25
144620,3.5
144623,4.0
144827,4.25
144828,3.25
144829,3.5
144939,3.5
145261,4.5
145283,3.75
145361,3.5
145773,3.75
145829,4.5
145830,4.0
145864,3.75
145951,4.0
145964,3.25
145965,4.25
145967,4.0
146141,3.5
146209,4.75
146289,3.25
146293,4.0
146294,4.0
146295,3.5
146296,4.25
146297,5.0
146298,3.75
146315,4.25
146320,4.0
146412,4.0
146415,4.5
146460,4.5
146520,3.5
146595,3.25
146598,3.25
146764,3.25
146860,3.25
146891,4.5
146948,3.5
146951,3.75
146952,4.0
147058,3.75
147059,3.5
147063,4.25
147064,4.75
147333,3.75
147335,3.5
147337,4.5
147445,3.5
147590,5.0
147611,4.25
147627,3.25
147632,3.25
147977,3.75
147979,3.5
147980,4.25
147981,4.5
147983,4.5
148257,3.75
148262,4.5
148268,3.25
148318,4.25
148321,4.25
148328,3.25
148329,4.25
148362,3.25
148518,3.25
148520,3.75
148521,3.75
148523,3.25
148524,3.25
148525,4.0
148534,3.0
148535,3.5
148536,3.5
148537,3.25
148539,3.75
148790,4.25
148874,3.5
148877,4.0
148894,4.0
148895,3.75
148896,3.25
148897,3.5
148898,4.5
148981,4.25
148982,3.0
148983,4.5
148984,2.0
148985,3.75
148987,3.75
149001,4.25
149193,4.75
149194,3.75
149353,3.5
149356,3.75
149380,4.25
149382,4.5
149596,4.25
149627,3.75
149629,3.75
149738,2.5
149739,3.75
149740,3.5
149741,3.25
149742,2.25
149743,2.5
149744,4.5
149745,4.75
149787,4.5
150019,3.75
150292,4.0
150293,3.25
150294,4.5
150295,3.75
150296,4.25
150297,4.5
150408,3.25
150409,2.5
150410,3.0
150411,4.5
150412,3.5
150413,4.0
150517,4.75
150519,4.0
150678,2.75
150679,2.5
150767,3.25
150768,3.5
150887,3.25
150888,4.25
150889,4.5
150917,3.5
150919,3.75
150921,4.25
150962,4.25
150963,3.25
150964,4.5
150965,4.5
150966,4.0
150967,4.5
151051,4.75
151073,3.25
151090,3.75
151091,3.5
151094,3.5
151095,3.75
151096,4.0
151236,3.5
151240,4.0
151251,3.25
151252,3.5
151254,4.0
151255,3.25
151256,4.5
151392,3.5
151456,4.25
151498,3.5
151500,3.5
151562,2.5
151563,3.5
151564,3.0
151565,3.25
151566,2.75
151567,4.25
151787,3.5
151788,3.75
151789,4.25
151790,4.5
151791,3.75
151792,3.25
151793,4.25
151948,4.0
151949,3.5
151950,3.75
151951,3.5
152146,3.5
152147,3.75
152148,3.25
152150,3.5
152151,3.75
152152,4.5
152153,4.0
152507,3.75
152509,3.25
152559,4.0
152602,4.25
152604,4.5
152764,2.75
152765,4.5
152927,4.5
153006,4.75
153096,3.5
153097,3.75
153098,4.5
153099,4.75
153100,5.0
153577,3.5
153579,3.75
153580,3.25
153971,3.5
153973,3.25
153976,4.0
154416,4.0
154454,2.5
154455,1.75
154456,2.5
154457,2.25
154540,2.5
154542,4.25
154800,3.5
154806,3.75
154834,3.5
154836,3.75
154837,3.75
154840,3.75
154841,4.5
154842,3.75
155286,3.5
155447,3.5
155449,3.5
155550,4.0
155551,3.5
155552,3.75
155553,2.25
155554,3.75
155555,4.0
155556,3.75
155558,2.5
155559,3.25
155622,3.25
155659,4.25
155660,3.5
155759,3.25
155762,3.75
155763,4.5
155840,4.0
155843,4.25
156252,4.75
156363,3.5
156367,3.25
156504,2.5
156567,3.5
156568,3.25
156569,4.75
156570,3.5
156697,3.25
156699,3.25
156700,3.75
156703,3.75
156732,3.5
156857,3.75
156858,3.5
156936,5.0
156940,4.25
156969,4.25
157075,3.5
157167,2.0
157169,2.25
157170,2.75
157171,2.5
157172,3.25
157173,3.25
157174,4.75
157352,3.5
157569,3.75
157819,3.5
157820,3.25
157821,1.25
158007,4.5
158079,4.0
158141,3.75
158142,4.25
158143,4.25
158144,3.0
158160,4.25
158193,4.0
158297,3.25
158379,4.25
158380,3.75
158381,3.5
158697,3.75
158728,4.0
158729,3.5
158731,4.0
158733,4.0
158953,3.5
158957,3.5
158958,4.0
159065,4.5
159113,3.75
159115,3.5
159135,3.5
159211,3.75
159427,3.5
159428,4.25
159429,3.75
159430,4.5
159431,3.5
159432,4.0
159433,4.0
159434,5.0
159818,4.25
159819,4.75
159820,4.5
159821,4.5
159822,4.5
159823,4.0
159824,4.75
160111,4.25
160624,3.5
160626,4.0
160638,4.0
160880,4.25
160884,4.5
161078,4.0
161293,3.75
161294,4.25
161373,3.25
161375,3.5
161376,3.25
161378,3.5
161379,3.5
161380,3.5
161381,4.5
161399,3.75
161400,3.5
161404,4.0
161882,3.5
162005,4.75
162006,4.75
162007,4.5
162008,4.0
162128,3.5
162129,3.75
162130,3.5
162131,4.0
162132,4.25
162133,3.5
162270,3.5
162288,3.5
162292,4.5
162560,3.5
162671,3.5
163151,3.75
163154,4.0
163155,4.25
163392,4.75
163394,3.5
163396,4.0
163397,4.5
163790,3.75
163791,3.5
163793,4.0
163921,4.75
163922,4.25
163923,2.0
163924,4.0
163925,3.25
163926,4.25
163927,6.5
163928,4.5
163929,4.25
163958,3.25
163961,3.75
163962,3.25
164149,4.25
164150,3.0
164151,4.5
164152,3.5
164153,4.75
164154,4.75
164187,2.0
164188,2.0
164189,3.5
164455,2.75
164456,3.25
164457,4.0
164458,4.0
164459,4.0
164749,3.75
164802,3.75
164995,4.5
164996,4.25
164997,4.5
164998,5.0
164999,4.25
165000,3.5
165001,4.5
165002,4.0
165003,5.5
165050,3.75
165101,4.5
165427,3.5
165493,4.0
165496,3.75
165497,3.5
165605,3.5
165606,4.0
165613,3.25
165616,3.5
165620,4.25
165697,2.75
165698,3.5
165699,3.5
165700,3.75
165701,4.5
165702,4.25
165853,3.25
165860,4.0
165864,3.75
165866,3.25
165867,3.5
165870,4.0
165872,3.75
165895,3.25
165896,3.25
165897,2.0
165898,4.5
165899,3.25
165901,4.25
165998,3.75
166000,3.5
166023,3.5
166252,4.25
166444,3.5
166447,4.25
166758,4.0
166787,3.75
166789,3.75
166790,2.5
166791,4.0
166792,4.5
167065,3.25
167066,3.25
167067,3.75
167068,4.5
167069,4.0
167127,3.5
167130,4.0
167583,3.5
167586,3.75
167635,5.25
167674,4.0
167738,4.25
167917,3.75
168070,3.25
168309,3.5
168358,4.0
168360,3.75
168373,4.25
168374,3.25
168375,4.25
168376,3.5
168379,3.25
168542,4.0
168543,3.5
168544,3.75
168545,3.75
168546,5.25
168547,5.0
168707,4.25
168708,3.25
168713,4.25
168714,4.5
168715,3.75
168719,3.75
168720,4.0
169026,3.25
169146,2.5
169147,2.75
169148,3.0
169191,3.75
169192,3.75
169276,3.75
169280,3.5
169321,3.25
169322,3.25
169323,3.75
169324,2.5
169325,1.25
169326,4.0
169327,3.25
169328,4.5
169622,4.0
169635,4.0
169637,4.5
169639,4.0
169680,4.5
169812,3.25
169813,2.75
169814,2.5
169816,1.5
169817,3.75
169818,4.0
169834,3.5
169929,3.75
169931,3.25
169933,3.75
170145,3.25
170148,4.25
170149,3.5
170395,3.25
170396,3.75
170400,4.0
170402,3.25
170405,5.0
170411,4.25
170445,3.25
170538,2.5
170539,2.5
170540,2.75
170541,3.25
170542,4.0
170543,4.25
170544,4.75
170545,4.75
170546,4.5
170631,4.0
170634,4.0
170644,4.75
170807,3.25
171085,4.5
171114,3.75
171420,3.5
171421,4.0
171434,4.25
171435,3.25
171436,3.5
171437,3.5
171438,4.5
171634,2.25
171635,3.5
171636,3.75
171637,3.0
171638,3.5
171663,3.5
171664,3.75
171813,3.0
171814,4.25
171815,3.75
171816,3.0
171818,3.75
171819,4.25
172020,3.25
172398,4.5
172624,3.5
172625,5.5
172626,4.75
172642,4.25
172863,5.0
172868,4.75
173015,3.0
173017,3.0
173018,1.25
173020,2.25
173021,2.0
173023,1.0
173024,1.5
173025,5.0
173026,3.25
173093,4.25
173204,3.5
173317,3.5
173319,3.25
173325,4.0
173616,3.25
173762,4.0
174002,4.0
174003,4.0
174004,4.75
174005,3.0
174006,5.0
174007,2.25
174008,3.25
174009,5.75
174309,4.0
174395,4.75
174403,3.5
174458,4.0
174578,3.75
174579,4.5
175199,4.0
175200,3.5
175202,3.25
175203,4.0
175289,3.25
175325,4.5
175387,4.5
175391,4.5
175551,3.5
175560,2.0
175561,2.75
175562,3.25
175563,3.5
175564,4.25
175566,3.75
175567,2.5
175568,3.25
175605,4.25
175648,3.5
175653,4.0
175667,3.75
175670,3.25
175672,4.75
175673,3.25
175803,4.25
175804,2.75
175805,2.5
175806,3.25
175807,2.5
175808,2.75
175809,3.5
175854,5.0
175859,4.0
175933,4.25
175934,3.5
175937,4.25
176016,3.75
176295,4.25
176345,3.5
176349,4.25
176350,3.5
176401,3.75
176486,4.0
176487,4.0
176592,3.5
176595,4.25
176596,3.25
176600,1.5
176601,3.75
176669,4.0
176673,3.75
177010,3.75
177012,4.25
177045,4.0
177046,3.25
177047,3.25
177052,3.75
177189,3.5
177287,3.5
177289,4.0
177290,5.0
177394,4.0
177395,3.75
177397,4.0
177399,4.25
177737,3.5
177741,3.25
177875,4.25
177952,3.75
177953,4.25
177954,4.0
178001,3.5
178005,3.75
178231,3.25
178266,3.25
178267,3.25
178292,3.0
178355,3.5
178358,4.0
178360,4.25
178755,4.5
178826,3.75
178850,4.25
178864,3.25
178867,4.0
178925,3.5
179314,4.5
179315,3.5
179316,3.25
179317,2.75
179318,4.75
179465,3.75
179531,5.0
179535,3.75
180178,3.5
180179,4.25
180181,3.5
180186,4.0
180187,4.75
180360,4.0
180361,3.75
180362,4.75
180365,4.25
180380,3.25
180385,3.5
180386,4.25
180388,4.5
180389,5.0
180676,1.25
181103,3.5
181104,3.5
181105,4.0
181107,4.25
181108,3.25
181109,4.5
181110,5.0
181221,4.0
181222,3.5
181226,4.25
181783,3.75
181937,3.5
181938,3.5
181939,3.5
181940,3.75
181969,3.75
182160,3.75
182535,4.0
182565,3.25
182608,4.0
182609,3.75
182610,3.5
182636,3.25
182809,4.0
182811,4.0
182813,2.0
182815,3.5
182816,3.5
182818,3.75
182842,4.0
182843,3.75
182846,3.5
182880,3.0
182881,3.5
182882,4.0
182883,4.25
182884,1.0
182885,3.0
182886,1.0
182887,4.25
182915,3.5
182974,4.0
183075,3.75
183076,4.25
183078,4.0
183079,3.75
183087,4.5
183164,4.0
183166,4.25
183167,4.0
183168,4.5
183169,4.75
183170,3.75
183171,5.0
183172,4.5
183276,4.0
183495,3.75
183654,3.5
183826,4.0
183832,2.75
183833,2.75
183834,3.5
183835,2.0
183862,3.25
183864,4.5
183904,4.5
183907,3.25
183908,3.75
183995,3.75
183997,4.0
183998,3.25
183999,3.5
184214,3.25
184215,2.0
184216,2.75
184217,3.75
184218,3.75
184219,4.25
184220,1.0
184275,3.5
184277,3.5
184283,3.5
184284,3.5
184289,3.25
184291,3.5
184546,3.5
184551,3.5
184552,3.5
184553,3.0
184737,3.5
184741,3.0
184815,3.75
184816,4.5
184817,3.75
184818,4.25
185032,4.0
185135,3.75
185423,3.25
185516,3.5
185518,4.75
185521,4.25
185528,4.5
185615,4.5
185798,3.25
185802,3.5
185803,3.25
185814,3.5
185816,3.5
185818,3.75
185951,4.5
186144,3.5
186145,4.0
186286,1.5
186287,3.25
186288,3.5
186289,4.0
186290,4.0
186291,3.0
186292,2.5
186293,3.25
186294,3.75
186295,4.0
186296,5.75
186346,3.75
186349,4.0
186351,4.0
186395,4.0
186518,2.5
186519,1.25
186520,2.75
186521,4.0
186663,4.0
186816,4.0
186830,3.5
187061,4.75
187386,2.75
187390,3.75
187391,5.5
187392,4.5
187393,5.5
187629,4.25
187631,4.5
187634,4.0
187729,3.75
187854,4.5
187855,4.5
187902,4.0
188005,3.75
188006,4.25
188741,3.25
188746,3.25
188747,3.5
188748,4.0
188762,3.5
188770,3.25
188775,3.5
188776,4.25
188777,3.5
188878,3.5
189487,1.75
189488,2.25
189489,2.5
189490,4.25
189491,4.75
189621,3.75
189688,3.75
189740,4.25
189782,4.0
189784,4.0
189917,4.0
189920,3.75
189921,4.5
189922,3.75
189923,3.5
189924,4.25
189925,5.0
189926,4.75
190022,3.5
190023,3.5
190026,3.75
190027,3.75
190068,3.25
190070,4.0
190073,4.5
190123,3.25
190125,3.5
190126,3.75
190127,3.25
190216,4.25
190217,3.75
190219,3.25
190228,4.25
190229,4.0
190252,3.5
190294,4.0
190297,4.5
190298,4.0
190299,5.0
190483,4.0
190805,3.25
191290,4.5
191345,4.75
191346,4.5
191430,3.75
191431,3.75
191432,4.5
191433,4.75
191556,3.25
191557,3.5
191558,3.5
191559,3.75
191560,4.0
191561,3.25
191626,4.25
192177,3.5
192178,3.5
192290,3.5
192310,4.75
192348,4.0
192394,4.0
192397,4.5
192424,3.25
192818,3.75
192881,5.25
192910,3.75
192914,4.5
192973,3.0
192974,3.75
192975,2.75
192977,3.5
192978,3.75
192979,4.0
192980,4.5
193221,4.25
193249,3.75
193251,4.0
193254,3.25
193282,3.75
193381,3.5
193382,4.0
193688,4.25
193717,4.25
193718,4.5
193720,4.5
193776,3.5
193960,3.25
193965,3.25
193984,3.75
193985,4.0
193986,3.75
193987,4.0
193988,3.75
193989,4.25
193990,3.25
194321,3.5
194340,1.75
194341,2.75
194342,2.5
194343,3.0
194344,4.25
194345,3.25
194346,4.5
194347,6.0
194438,3.5
194441,4.25
194442,3.5
194443,3.5
194445,4.25
194485,4.0
194486,3.25
194487,4.0
194546,3.25
194547,4.0
194549,4.75
194583,4.75
194613,3.5
194614,4.0
194615,4.5
194616,3.5
194617,3.5
194618,3.5
194619,4.5
194818,3.75
194820,3.5
194822,3.75
194825,3.25
194890,3.75
194892,3.75
194893,4.25
194894,4.5
194912,4.0
195028,3.25
195032,4.5
195033,3.5
195034,4.25
195035,4.75
195036,4.5
195037,4.75
195251,4.75
195336,4.0
195467,4.5
195472,4.0
195473,4.25
195703,4.0
195709,3.25
195710,3.75
195713,3.25
195714,4.0
195754,3.25
195755,3.5
195756,4.0
195758,4.25
196124,4.0
196284,3.5
196286,3.5
196287,4.0
196289,4.5
196290,4.25
196291,4.75
196292,4.25
196443,3.5
196763,3.75
196900,3.75
196925,3.5
196927,3.75
196929,4.25
196930,3.5
196931,4.0
197132,3.5
197137,4.25
197163,3.5
197175,4.5
197283,3.0
197284,2.25
197285,2.25
197286,4.25
197287,3.5
197288,4.25
197289,4.25
197290,4.0
197401,3.5
197448,3.75
197461,3.5
197462,2.25
197463,3.0
197616,4.0
197620,4.5
197755,3.5
197786,3.75
197919,3.5
197920,3.5
197921,3.75
197922,3.5
197923,4.25
198115,3.5
198116,3.75
198214,2.75
198362,3.75
198364,3.5
198365,3.25
198366,4.0
198367,3.75
198368,3.25
198369,3.5
198371,3.25
198636,3.75
198671,3.75
198672,4.0
198673,5.0
198674,3.25
198675,3.25
198676,4.25
198706,4.0
198709,4.25
198712,3.75
198911,4.5
199062,3.25
199065,4.5
199096,3.5
199322,3.5
199323,4.0
199324,3.75
199325,3.75
199485,4.25
199718,3.5
199719,3.5
199720,4.25
199752,4.25
200053,3.75
200055,4.25
200237,4.75
200239,3.75
200240,3.75
200452,3.25
200453,3.75
200454,3.5
200455,2.25
200456,3.0
200457,4.25
200458,4.25
200459,4.0
200460,3.25
200573,3.75
200574,1.5
200575,4.0
200632,4.25
200702,2.75
200703,3.75
200704,4.0
200705,4.25
200824,4.25
200825,2.75
200826,3.5
200827,3.5
200828,4.5
201001,4.25
201005,3.5
201020,4.25
201021,2.0
201022,2.25
201023,3.5
201024,1.5
201025,4.75
201137,3.25
201180,4.0
201452,4.75
201464,4.5
201507,3.75
201684,3.25
201892,3.25
202121,3.75
202282,4.0
202740,4.25
203164,4.75
203367,4.0
203377,4.25
203378,3.25
203463,3.25
203466,3.25
203467,4.5
203668,3.5
203858,3.25
203861,4.25
204137,4.75
204258,4.5
204259,4.25
204538,3.5
204563,4.75
204669,4.25
204728,4.25
204764,4.25
204765,2.25
204766,2.75
204767,2.5
204769,4.0
204770,4.25
204807,4.25
204955,5.0
204982,4.25
204985,3.5
204986,4.25
205243,4.75
205260,3.75
205682,3.25
205683,4.0
205685,3.75
205691,3.25
205692,3.25
205714,3.5
205716,4.25
205717,3.5
205718,3.25
205739,4.25
205741,4.5
205742,3.25
205745,4.25
205746,3.75
205839,3.25
205840,3.5
205841,3.25
205842,3.5
205843,3.25
205844,4.0
205946,3.5
205949,4.25
206091,3.75
206181,1.75
206182,2.25
206183,2.75
206184,3.25
206185,1.25
206353,3.75
206400,2.5
206402,3.25
206403,2.5
206405,3.5
206406,3.5
206407,2.25
206520,4.5
206521,4.75
206522,3.25
206523,2.25
206524,3.25
206525,3.5
206526,3.5
206527,4.5
206595,4.5
206596,2.0
206597,3.25
206598,3.5
206599,4.5
206600,3.75
206697,3.75
206699,3.25
206700,4.5
206809,4.0
206811,4.25
206813,4.0
206891,4.5
206933,4.25
206934,3.75
207036,3.25
207037,3.25
207039,3.25
207040,3.25
207042,3.5
207084,3.5
207085,3.5
207217,3.25
207218,4.5
207220,3.5
207221,1.75
207222,4.5
207223,3.0
207225,4.0
207226,3.25
207227,4.25
207267,4.25
207269,3.25
207270,4.5
207408,4.0
207462,3.25
207466,3.5
207468,4.5
207470,3.5
207696,3.75
207708,4.25
207711,3.75
207983,4.25
208165,3.25
208284,3.25
208285,3.5
208490,3.75
208492,3.75
208565,3.25
208567,3.0
208568,1.75
208569,2.0
208570,3.25
208571,2.5
208573,4.25
208582,4.0
208583,4.75
208673,3.25
208675,4.0
208676,4.5
208685,3.5
208694,4.5
208695,2.75
208699,3.25
208838,4.0
208840,4.0
208910,3.75
208982,2.75
208983,2.5
209093,3.25
209094,3.5
209096,3.25
209387,4.25
209475,3.5
209532,2.75
209533,3.75
209534,3.0
209535,3.75
209536,4.75
209537,3.5
209538,5.5
209539,4.75
209540,4.5
209541,4.5
209620,3.25
209742,3.5
209796,3.5
209826,4.25
210049,4.25
210182,4.0
210331,4.5
210392,3.5
210651,2.25
210652,1.0
210653,2.75
210654,2.0
210655,2.25
210656,3.5
210657,3.0
210658,4.25
210659,4.0
210660,3.75
210771,2.5
210772,1.0
210773,3.25
210774,3.25
210775,4.0
210776,1.0
210777,2.0
210778,2.75
210779,3.75
210809,3.75
210810,4.5
210811,2.5
210812,3.75
210813,3.75
210891,3.25
210894,4.25
210932,4.0
210933,2.25
210934,2.75
210936,3.5
210937,2.25
210938,3.25
210939,4.25
210954,4.5
210957,3.5
210989,4.5
211125,3.5
211126,4.5
211180,3.25
211181,3.0
211182,2.0
211183,3.5
211184,4.5
211390,4.0
211391,4.0
211392,3.5
211415,4.0
211619,3.0
211621,1.0
211622,1.25
211623,4.25
211624,3.75
211625,4.25
211626,2.75
211627,3.75
211773,3.5
211868,3.5
212214,4.0
212216,4.25
212217,3.5
212219,3.25
212220,4.0
212221,4.5
212223,3.75
212224,4.0
212225,4.0
212226,4.5
212285,3.5
212286,3.25
212288,3.5
212290,3.75
212291,4.5
212292,5.0
212808,3.75
212817,3.75
212854,4.0
212855,3.75
212858,4.0
212996,4.5
213244,4.0
213296,3.5
213318,2.25
213319,3.25
213320,3.5
213321,2.75
213322,4.0
213404,2.5
213463,3.25
213938,3.75
213939,4.5
213947,3.0
214135,3.75
214200,4.5
214203,3.5
214206,4.75
214312,4.0
214315,3.5
214648,3.5
214649,3.75
214659,2.75
214660,3.25
214661,3.75
214662,5.25
214663,1.5
214664,2.25
214665,4.0
214706,4.0
214734,4.0
214735,3.75
215000,4.0
215001,3.5
215002,3.5
215003,4.75
215004,3.5
215005,4.5
215006,6.25
215104,3.25
215118,3.5
215147,3.5
215192,3.5
215195,3.25
215196,3.75
215197,4.5
215200,3.75
215207,4.5
215208,4.5
215232,3.0
215233,3.75
215234,3.75
215235,3.5
215236,4.0
215237,4.25
215238,4.5
215239,5.0
215240,5.0
215571,4.0
215581,3.75
215582,3.5
215585,4.5
215603,5.0
215668,4.0
215887,4.75
216053,3.5
216204,3.75
216209,4.25
216397,3.75
216399,3.75
216400,4.25
216401,4.25
216402,4.0
216403,5.0
216410,3.25
216412,3.5
216413,3.5
216414,4.0
216415,3.25
216416,5.0
216419,4.25
216851,4.25
216900,3.5
217039,3.5
217156,4.0
217183,4.25
217185,3.25
217186,4.25
217187,4.0
217229,4.5
217230,4.0
217231,4.25
217350,3.5
217353,4.25
217393,4.5
217638,3.5
217641,4.25
217653,3.25
217654,3.5
217655,1.0
217656,3.0
217657,3.25
217658,4.0
217935,3.25
217936,3.5
217937,3.5
217938,3.25
217939,4.0
217940,3.5
217941,4.5
218108,4.0
218110,3.75
218112,3.5
218113,4.25
218114,1.25
218115,2.0
218116,1.5
218117,3.75
218118,3.25
218119,1.5
218120,4.0
218158,4.0
218160,3.5
218161,4.5
218163,3.5
218282,3.5
218283,3.75
218285,3.5
218286,3.75
218287,3.25
218288,4.75
218331,4.0
218334,4.0
218615,4.25
218700,4.0
218732,3.75
218806,3.25
218809,3.25
218810,3.25
218812,4.25
218813,4.5
218814,4.75
219105,3.25
219176,1.0
219177,3.75
219255,4.0
219256,3.75
219275,4.0
219276,4.0
219277,4.5
219278,3.5
219279,3.75
219338,3.25
219451,4.0
219453,3.5
219454,3.25
219583,3.25
219585,4.5
219626,3.75
219629,4.75
219707,3.25
219711,5.25
219712,1.5
219713,3.75
219714,2.75
219715,2.25
219716,4.0
219843,1.25
219844,2.5
219845,3.25
219846,3.5
219847,3.25
219869,2.5
219872,3.5
219874,3.5
220185,3.75
220237,3.25
220240,3.25
220243,4.25
220244,4.5
220253,4.0
220254,4.0
220421,4.0
220486,3.5
220488,4.0
220492,4.5
220493,4.0
220582,4.25
220583,4.25
220584,3.75
220586,4.5
220670,4.5
220713,4.0
220948,3.5
220953,3.5
220954,4.25
220978,2.0
220979,2.75
220980,4.25
220981,4.0
221019,4.25
221050,3.75
221051,3.5
221117,4.25
221133,3.5
221135,3.5
221329,3.75
221330,4.25
221549,4.25
221591,3.5
221868,4.25
221933,3.75
222000,4.5
222003,3.75
222070,3.0
222071,3.5
222072,3.25
222073,3.25
222075,4.25
222230,4.0
222231,3.5
222232,4.25
222233,4.5
222246,4.5
222247,4.25
222621,3.75
222652,3.25
222655,3.5
222656,4.5
222657,3.5
222658,3.25
222869,2.5
222870,3.25
222872,3.0
222873,3.5
222874,4.25
222996,4.5
223026,3.75
223029,4.0
223307,4.0
223317,4.0
223550,4.0
223551,4.0
223552,3.25
223553,2.25
223554,1.5
223555,1.25
223556,2.25
223557,2.0
223656,3.75
223659,3.25
223692,3.25
223694,3.5
223695,3.75
223696,3.5
223697,4.25
223698,3.75
223716,1.5
223831,3.5
223832,3.25
223833,4.75
223834,3.25
223835,3.5
223836,4.0
223897,3.25
223978,3.25
224018,3.5
224019,4.25
224020,3.25
224045,3.25
224049,3.25
224050,4.0
224145,4.75
224146,4.25
224149,3.75
224150,3.75
224267,4.0
224268,3.5
224385,4.25
224459,4.25
224697,3.75
224699,4.5
224700,3.5
224701,4.25
224905,4.25
224909,5.0
224974,2.0
224975,3.0
224976,1.25
224977,1.0
224978,3.5
225073,5.25
225076,4.0
225107,3.25
225108,3.75
225110,4.5
225111,4.25
225112,4.0
225193,4.25
225276,4.0
225277,4.5
225299,4.5
225300,3.75
225303,4.5
225406,3.75
225407,3.75
225409,3.25
225410,3.5
225412,4.5
225418,3.25
225513,3.5
225514,3.5
225516,4.5
225597,4.5
225601,3.5
225610,3.75
225621,4.25
225724,3.5
225725,3.25
225726,3.75
225727,4.25
225728,3.25
225729,3.25
225730,4.0
225731,4.0
225738,3.5
225922,4.0
225923,3.5
225927,4.25
226025,4.25
226027,4.25
226097,3.75
226098,3.75
226259,3.25
226260,4.0
226261,3.75
226262,4.75
226828,3.5
226830,4.0
226833,4.0
226852,2.75
226853,3.0
226854,3.5
226855,3.25
226911,4.0
226915,4.25
226917,4.75
226918,4.0
226919,4.5
227086,4.0
227087,3.25
227090,4.25
227091,3.5
227093,3.25
227094,3.25
227245,4.0
227346,4.75
227450,3.25
227451,3.75
227480,3.5
227676,3.5
227677,3.5
227680,4.25
227702,4.5
228034,4.0
228035,2.75
228036,3.25
228037,2.75
228038,3.25
228039,3.75
228044,3.5
228048,4.25
228267,3.5
228270,3.5
228288,2.0
228291,3.25
228292,3.25
228299,4.0
228300,4.0
228377,3.25
228378,4.0
228382,4.0
228384,3.5
228625,3.25
228638,3.25
228640,3.5
228641,4.0
229015,3.5
229016,3.5
229018,4.0
229019,4.5
229020,4.0
229029,2.5
229031,3.25
229032,4.25
229262,3.75
229265,3.75
229266,5.0
229273,4.5
229275,3.75
229277,4.75
229287,3.75
229331,3.5
229332,2.25
229333,2.25
229334,3.25
229335,2.75
229336,2.25
229471,3.5
229562,3.5
229564,3.75
229617,4.0
229783,5.0
229785,3.5
229786,3.75
229787,3.5
229890,3.25
229904,3.25
229905,3.5
229906,3.5
229908,3.25
230015,3.75
230173,3.5
230175,4.5
230178,3.5
230179,3.25
230180,3.0
230181,4.0
230210,4.25
230212,3.75
230467,3.5
230611,4.0
230628,2.75
230629,3.5
230630,3.75
230631,3.75
230632,3.75
230858,3.75
230860,3.5
230993,4.25
231048,4.75
231417,4.0
231437,1.75
231438,2.75
231439,3.25
231440,3.25
231441,4.0
231442,3.0
231443,3.75
231505,4.5
231630,4.75
231664,3.75
231666,3.5
231677,2.75
231678,3.5
231679,4.25
231680,3.5
231681,4.25
231682,2.5
231683,2.0
231964,3.25
232060,3.5
232062,4.25
232064,4.5
232153,4.0
232155,4.25
232157,3.75
232319,3.75
232320,3.25
232407,3.5
232408,3.25
232589,3.25
232595,3.5
232834,4.5
232836,3.75
232837,3.5
232841,1.5
232884,4.0
233013,3.25
233110,3.5
233111,4.0
233112,3.75
233180,3.25
233181,4.25
233322,4.0
233443,3.25
233446,4.0
233449,2.75
233556,3.25
233558,3.0
233689,3.5
233765,3.75
233814,3.5
233816,4.25
233855,3.5
233856,3.25
233858,3.75
233859,4.0
233860,3.25
233861,4.0
233862,4.5
233899,3.75
233903,3.75
234002,3.75
234003,3.5
234386,4.0
234483,3.75
234623,4.25
234726,4.25
234830,2.5
235047,4.25
235049,3.5
235051,4.25
235178,3.5
235181,3.5
235346,3.75
235415,3.5
235418,4.0
235419,4.0
235467,4.5
235468,4.5
235568,2.0
235569,3.5
235570,3.0
235571,3.5
235572,2.25
235573,4.0
235574,2.0
235575,5.25
235648,3.25
235649,1.0
235650,3.0
235651,4.25
235652,4.75
235664,3.25
235680,3.75
235681,3.75
235682,3.5
235683,3.0
235684,4.25
235685,4.25
235686,3.5
235687,4.25
235688,4.0
235689,4.5
235828,3.5
235847,4.25
235864,4.25
235900,3.5
236266,3.25
236267,3.75
236268,4.75
236269,4.25
236463,3.75
236464,3.5
236468,3.25
236469,3.5
236576,4.0
236645,3.75
236648,3.25
236649,4.0
236650,3.5
237145,3.5
237238,3.75
237251,4.0
237340,4.0
237371,3.75
237372,3.25
237373,3.75
237374,3.75
237375,4.0
237376,4.25
237433,4.0
237434,4.0
237435,4.25
237436,4.5
237437,3.25
237438,3.25
237439,4.25
237494,3.25
237692,3.5
237693,3.5
237722,4.0
237937,3.25
237939,4.0
237940,1.75
237941,5.0
237942,1.75
237943,2.25
237944,4.25
237994,3.75
238260,4.0
238271,3.75
238360,3.25
238364,3.25
238435,3.75
238437,3.25
238438,4.5
238463,5.0
238529,3.5
238966,4.0
238983,4.0
238989,3.75
239195,3.5
239197,4.0
239198,3.75
239199,4.5
239259,3.25
239291,3.25
239494,3.75
239495,3.75
239496,4.5
239592,4.5
239593,4.0
239594,4.75
239722,3.5
239723,3.5
239724,3.25
240206,3.75
240209,3.5
240210,4.75
240244,3.5
240249,3.25
240250,5.0
240251,3.5
240347,3.75
240460,3.5
240462,3.5
240530,3.5
240533,4.0
240534,3.5
240535,3.25
240536,3.25
240568,3.75
240570,3.5
240572,3.5
240625,3.75
240627,3.5
240628,3.5
240629,4.25
240777,4.5
240781,4.25
240790,3.0
240791,3.5
240792,1.0
240796,2.5
241006,3.5
241008,3.25
241009,3.5
241011,3.5
241012,3.75
241013,4.25
241014,4.5
241015,4.5
241041,3.0
241042,1.75
241043,2.25
241045,2.75
241046,2.5
241047,4.0
241048,4.75
241079,4.5
241118,3.5
241119,4.25
241127,4.0
241128,3.0
241129,4.25
241130,4.5
241131,3.5
241132,3.75
241133,4.5
241191,3.25
241192,3.25
241193,3.25
241379,3.75
241504,3.25
241507,4.25
241535,3.5
241536,3.25
241537,4.25
241538,3.75
241836,3.5
241879,4.5
241881,4.5
241883,3.25
242154,3.5
242268,2.5
242276,4.25
242278,3.5
242281,4.25
242282,4.5
242547,4.0
242548,3.75
242603,3.25
242605,3.5
242606,4.25
242607,3.75
242608,4.25
242613,2.75
242770,4.75
242841,3.5
242843,4.0
242939,4.0
243181,4.0
243183,4.5
243264,4.5
243265,3.75
243267,4.75
243327,3.5
243329,4.75
243331,3.75
243366,4.25
243408,3.25
243410,4.25
243411,3.5
243449,4.0
243591,4.0
243782,4.0
243783,3.5
244129,3.25
244596,3.75
244597,3.75
244599,4.0
244695,3.75
244696,4.0
244835,4.0
244837,3.5
244840,3.5
244940,4.5
244945,4.0
244965,3.5
244966,3.25
244969,4.5
244983,3.75
245017,3.5
245033,3.5
245102,4.0
245247,4.25
245249,3.75
245251,4.0
245264,3.5
245265,3.5
245266,4.5
245277,3.5
245280,3.25
245367,3.25
245368,3.25
245485,3.25
245486,3.75
245614,4.0
245799,3.5
245804,4.0
245805,4.25
245816,3.5
245820,4.5
245821,4.0
246079,3.25
246080,3.5
246081,3.75
246113,3.5
246164,4.5
246166,4.0
246672,3.25
246717,3.75
246745,4.5
246886,4.0
246887,2.75
246888,2.25
246889,1.0
246890,5.0
246891,4.5
246918,3.5
246920,3.5
246921,4.25
246983,3.5
247044,4.0
247045,4.5
247048,3.5
247063,4.0
247064,3.75
247112,3.5
247114,3.5
247115,4.0
247253,4.25
247556,3.75
247560,3.75
247618,4.25
247622,3.5
247862,2.75
247864,2.5
247865,1.5
247866,2.5
247867,4.25
247868,3.5
247869,3.75
247882,3.5
247989,3.5
247990,3.5
247992,3.25
247993,4.5
248123,4.5
248127,4.25
248160,3.25
248161,3.5
248164,4.0
248377,3.5
248379,3.5
248645,4.0
248696,3.75
248697,3.25
248698,4.0
248699,4.25
248789,2.0
248790,3.0
248791,2.5
248792,2.25
248793,4.0
248794,4.5
248795,4.25
248796,4.5
248911,2.5
248912,3.0
248945,4.25
248947,3.75
249001,4.25
249002,3.25
249003,3.0
249004,4.0
249005,4.25
249036,3.75
249038,1.0
249039,3.5
249040,2.75
249041,3.25
249042,3.25
249043,4.0
249044,3.25
249065,3.25
249067,3.75
249082,4.5
249083,4.5
249084,3.75
249085,4.0
249086,5.25
249162,4.0
249414,4.25
249416,4.25
249571,3.75
249637,3.0
249832,3.5
249878,3.75
249879,4.0
249880,4.5
249882,5.0
249913,4.0
250358,3.5
250596,3.75
250599,4.0
250600,4.0
250601,4.25
250712,4.75
250713,3.5
250911,3.5
251075,3.5
251426,3.25
251428,3.25
251512,4.75
251513,3.5
251731,4.25
252165,4.25
252182,1.5
252183,3.5
252414,3.5
252546,4.0
252634,4.0
252918,3.5
252920,3.0
252921,3.75
252923,3.5
252924,4.0
253328,2.25
253330,2.75
253331,1.75
253332,2.25
253333,3.75
253334,3.0
253335,2.75
253336,3.5
253348,3.75
253449,3.25
253544,3.75
253547,4.5
253692,3.25
253693,3.75
253694,4.0
253695,3.75
253697,4.25
253698,3.75
253700,4.75
253950,4.25
253951,4.5
253992,4.0
253996,3.75
254078,3.75
254081,4.5
254116,3.5
254117,3.25
254200,3.25
254201,3.5
254202,4.0
254209,3.5
254210,3.25
254211,4.0
254212,4.5
254235,3.25
254236,3.25
254237,2.0
254238,3.0
254240,3.5
254241,4.5
254242,4.5
254243,4.5
254250,4.0
254251,4.5
254279,4.5
254643,3.25
254712,4.0
254822,4.5
255003,4.0
255017,3.5
255018,4.0
255019,3.5
255106,3.5
255109,4.0
255110,4.0
255288,4.0
255289,4.5
255290,2.5
255292,5.25
255369,3.5
255371,3.5
255373,3.5
255374,3.5
255435,3.5
255463,3.5
255505,3.75
255540,4.0
255541,3.25
255542,4.25
255543,3.25
255544,4.0
255578,4.5
255774,4.25
255777,3.75
255881,3.5
255882,3.5
256037,4.0
256144,4.25
256156,4.25
256193,3.75
256194,4.25
256287,3.5
256422,4.75
256504,4.25
256584,4.25
256588,1.75
256589,3.25
256590,5.0
256591,4.25
256592,4.75
256593,5.25
256682,3.25
256683,4.0
256684,4.25
256790,3.25
256792,3.5
256793,3.75
257209,3.75
257211,3.25
257214,4.25
257464,3.0
257469,3.5
257470,4.25
257791,4.25
257848,3.25
257849,3.5
257854,3.25
258009,3.25
258011,3.25
258012,4.25
258013,4.25
258014,3.25
258015,4.5
258083,3.75
258087,3.5
258089,2.0
258090,4.25
258117,1.25
258118,2.25
258119,2.25
258121,4.0
258122,3.75
258123,3.75
258124,4.75
258129,3.25
258137,3.5
258261,2.5
258262,1.75
258264,4.25
258265,3.75
258266,3.5
258267,3.75
258268,4.5
258596,3.5
258597,3.5
258750,4.5
258965,4.25
258999,4.0
259146,4.5
259147,2.25
259148,3.25
259149,3.5
259150,3.0
259151,3.25
259196,4.25
259197,4.75
259340,4.25
259343,3.5
259344,1.5
259346,4.5
259352,1.5
259641,4.5
259648,3.25
259729,3.25
259732,3.75
259733,3.5
259802,4.25
259873,3.0
259874,4.0
259875,1.75
259876,4.5
259877,3.5
259878,3.5
259879,2.25
259880,3.5
259881,4.25
259882,5.0
259883,4.5
259884,4.5
259959,3.75
259961,3.25
260331,4.5
260451,4.0
260457,4.25
260613,4.5
260614,4.0
260837,3.25
260840,4.5
260841,4.25
260919,3.5
261378,3.5
261379,3.5
261380,3.5
261383,3.5
261603,3.25
261604,1.25
261606,2.75
261607,3.75
261608,2.25
261609,4.5
261724,3.75
261725,2.0
261726,2.0
261727,4.5
261996,3.25
262034,3.75
262035,4.5
262168,4.0
262169,4.5
262171,3.0
262172,4.25
262173,4.0
262257,4.0
262258,3.75
262261,3.25
262573,3.75
262577,3.75
262579,4.0
262590,2.0
262591,2.25
262592,2.5
262594,2.0
262595,2.5
262596,1.5
262597,3.75
262598,4.0
262805,2.5
262806,3.25
262807,2.25
262808,3.5
262809,3.5
262811,2.0
262812,3.75
263045,3.25
263046,3.25
263050,3.5
263418,3.5
263774,4.5
263943,3.5
263945,3.75
263946,4.25
264075,3.5
264157,4.5
264402,3.5
264638,4.25
264738,4.0
264742,4.0
264753,4.25
264754,3.75
264841,4.0
264842,3.5
264868,4.25
264879,3.75
265076,4.25
265077,3.75
265078,4.25
265079,4.5
265080,4.25
265283,4.25
265284,3.75
265290,3.5
265292,4.25
265559,4.25
265766,4.25
265767,3.25
265768,3.25
265769,3.25
265770,4.0
266077,3.5
266128,4.25
266132,4.5
266565,3.5
266567,3.5
266569,4.5
266658,3.25
266669,4.0
266672,3.75
266673,3.75
266674,5.0
266696,3.75
266699,4.25
266701,4.0
266986,4.0
267268,3.5
267270,1.5
267271,0.0
267272,4.25
267294,3.5
267295,2.25
267296,3.75
267297,4.25
267298,3.5
267354,3.25
267356,2.0
267358,3.5
267359,3.75
267360,4.0
267361,4.25
267362,3.75
267363,4.25
267381,4.25
267382,4.75
267518,4.0
267519,4.75
267520,4.5
267521,3.75
267522,4.5
267565,3.75
267602,2.75
267603,3.75
267604,3.75
267605,4.0
267606,2.75
267607,4.25
267608,4.75
267609,4.5
267610,4.0
267611,4.75
267622,4.25
267647,4.75
267648,3.75
267691,4.0
267883,3.5
267950,4.5
267951,4.0
268039,3.25
268041,3.25
268042,4.0
268045,4.0
268046,4.0
268047,3.5
268048,4.5
268049,3.25
268050,4.75
268051,3.5
268052,4.25
268053,4.25
268090,2.25
268091,3.25
268092,2.5
268093,3.0
268094,4.25
268095,3.75
268225,3.75
268226,3.25
268227,4.25
268228,3.5
268745,3.25
268746,3.75
269163,4.5
269164,3.75
269165,4.0
269241,3.5
269295,3.25
269537,4.5
269540,4.0
269573,3.75
269576,3.5
269655,4.0
269656,3.25
269657,3.5
269658,4.0
269659,3.25
269660,3.75
269661,4.75
269662,5.0
269663,4.25
269933,4.75
269956,3.75
270020,3.75
270183,3.5
270185,4.5
270187,4.5
270326,4.0
270329,3.75
270445,3.5
270448,3.5
270449,3.75
270497,1.25
270498,2.75
270538,4.0
270548,3.25
270549,4.25
270550,4.75
270629,3.25
270863,4.0
270864,3.25
270866,3.5
270867,3.75
270869,4.5
271335,4.5
271336,4.25
271441,3.5
271443,4.5
271444,4.5
271445,4.75
271633,3.5
271635,3.25
271825,4.25
271827,4.25
271828,3.75
272225,4.0
272604,3.75
272932,3.5
272934,4.0
272935,3.25
273082,3.5
273088,3.25
273089,4.0
273090,4.0
273091,4.0
273092,3.25
273093,4.5
273094,4.5
273095,3.5
273151,4.25
273154,4.0
273457,3.5
273511,4.25
273537,3.5
273568,3.25
273569,1.25
273570,0.0
273571,3.5
273572,3.75
273573,1.25
273574,4.25
273575,2.0
273576,4.5
273649,3.25
273650,4.0
273721,4.0
273731,4.0
273846,3.5
274014,3.25
274019,4.0
274021,3.75
274088,4.0
274137,4.0
274224,4.0
274225,3.75
274226,4.25
274257,4.0
274261,4.0
274262,3.5
274263,4.0
274264,4.5
274265,3.5
274266,4.75
274691,2.5
274802,4.0
274836,3.5
274837,4.25
274840,3.5
274865,2.5
274866,3.25
274867,3.5
274868,3.5
274869,4.75
274960,3.75
274963,3.5
274965,3.75
275064,3.5
275065,3.5
275066,3.5
275069,4.0
275086,4.5
275088,3.25
275089,3.5
275098,3.25
275099,3.25
275101,3.5
275103,4.5
275104,3.75
275105,3.5
275106,4.75
275192,3.25
275193,4.5
275195,3.5
275196,3.5
275197,4.5
275336,4.5
275337,4.0
275339,3.5
275342,4.5
275488,3.25
275490,4.0
275491,3.5
275492,3.5
275510,3.5
275512,3.5
275513,3.75
275514,4.0
275515,4.25
275588,4.0
275589,4.5
275753,4.0
276158,4.5
276231,3.5
276782,3.25
276786,3.25
276787,4.25
276788,3.5
277105,3.5
277108,3.75
277206,3.25
277210,4.25
277483,3.5
277484,3.75
277485,3.25
277486,3.5
277487,4.25
277550,3.5
277551,3.5
277552,4.0
277613,3.5
277644,4.25
277645,1.75
277646,4.25
277647,3.5
277654,2.25
277655,3.5
277656,2.0
277657,1.75
277658,4.5
277659,4.25
277660,2.75
277908,4.25
277909,3.5
278267,3.75
278268,3.75
278269,2.25
278270,3.75
278271,4.0
278272,2.75
278273,4.75
278536,4.5
278659,3.75
278660,3.25
278661,4.25
278662,4.25
278704,4.5
279453,4.0
279529,3.75
279531,4.0
279533,3.75
279626,3.5
279811,4.0
279900,3.25
279901,4.5
279902,3.5
279903,4.5
280267,3.75
280414,4.5
280694,4.5
280771,3.5
280827,4.5
281068,4.0
281137,4.25
281372,4.5
281421,3.75
281504,4.25
281670,3.75
281673,3.75
281677,3.75
281899,4.25
281930,3.25
281934,3.5
281935,3.25
281936,3.75
281958,3.5
282254,3.25
282263,3.25
282401,4.0
282444,3.25
282445,3.25
282594,4.25
282599,3.25
282653,5.0
282802,3.75
283010,3.5
283187,3.25
283188,3.5
283190,4.0
283236,4.0
283237,4.5
283373,3.75
283386,4.0
283388,3.75
283390,3.75
283391,3.5
283392,4.5
283417,4.25
283501,4.25
283505,3.75
283621,3.25
283628,3.25
283629,3.5
283734,3.5
283735,4.0
284042,3.25
284043,4.25
284044,4.5
284226,2.75
284227,3.75
284228,1.75
284229,4.0
284230,3.75
284231,4.25
284232,4.5
284406,4.0
284407,3.25
284408,3.75
284410,3.75
284543,3.25
284544,3.5
284643,3.5
284835,3.5
284869,3.25
284872,4.0
284918,3.25
284950,3.0
285072,3.25
285177,3.75
285178,3.5
285291,3.75
285342,3.5
285345,4.0
285627,4.0
285628,4.5
285629,4.5
286202,3.25
286203,3.75
286294,1.0
286295,1.25
286296,2.5
286297,4.75
286350,4.25
286364,3.25
286366,3.5
286377,3.5
286380,4.25
286381,4.0
286492,3.25
287035,3.5
287036,4.25
287037,4.5
287062,4.5
287198,4.75
287204,3.75
287205,4.5
287206,4.5
287207,4.75
287208,3.75
287209,5.5
287361,3.25
287362,3.5
287363,4.75
287410,3.5
287437,3.75
287501,4.25
287817,3.25
287818,3.25
287857,3.75
288045,3.5
288046,4.0
288047,3.5
288078,3.75
288262,3.5
288264,4.0
288265,4.25
288300,3.75
288301,4.25
288302,3.5
288303,4.25
288304,4.0
288305,3.5
288306,4.0
288324,3.5
288329,4.25
288408,4.25
288512,3.25
288513,3.5
288518,3.75
288609,4.0
289021,3.25
289022,3.5
289024,3.5
289027,3.75
289366,3.5
289635,2.5
289637,3.5
289638,1.25
289639,1.75
289641,3.5
289879,3.75
290039,3.75
290042,3.25
290047,3.5
290129,3.75
290309,4.0
290313,3.5
290327,3.25
290352,2.75
290355,3.25
290356,2.25
290357,3.75
290358,4.25
290431,4.25
290433,4.0
290434,3.0
290435,3.25
290436,3.75
290438,4.5
290677,3.75
290680,3.75
290682,3.75
290759,4.25
290760,4.25
290818,3.5
290819,3.5
290822,4.25
291254,3.75
291346,3.5
291347,3.25
291349,3.5
291350,4.0
291351,4.0
291352,3.75
291353,4.0
291463,3.25
291680,3.25
291682,3.5
291868,4.25
291878,4.0
291879,4.0
291892,3.75
291894,4.25
292178,4.0
292179,3.5
292181,3.75
292348,3.5
292358,3.75
292359,3.25
292363,3.75
292563,3.0
292564,3.5
292565,3.5
292566,4.5
292575,3.25
292577,4.0
292578,4.5
292602,3.5
292603,3.75
292604,3.5
292605,4.0
292637,4.0
292638,3.75
292639,3.5
292640,4.5
292641,3.5
292642,3.75
292643,4.5
292644,4.0
293232,4.25
293292,4.0
293449,4.25
293483,3.5
293494,3.75
293500,3.75
293501,3.5
293589,3.75
293590,4.25
293592,4.5
293593,3.75
293601,3.25
293602,3.5
293603,3.25
293604,4.25
293605,3.75
293606,4.0
293607,4.75
293662,4.5
293663,4.75
293664,3.25
293675,4.25
293766,4.25
294390,3.25
294419,4.25
294450,3.75
294571,4.5
294630,4.5
294808,3.5
294819,4.25
294820,3.75
295139,4.0
295140,2.25
295141,3.25
295142,4.25
295143,1.75
295144,3.5
295313,3.5
295315,3.75
295317,4.25
295416,3.5
295490,3.5
295491,3.75
295492,5.0
295493,4.25
295494,3.25
295495,4.25
295496,4.25
295497,3.25
295498,3.5
295499,4.0
295500,4.5
295625,4.25
295768,3.5
295770,3.25
295771,4.25
295950,3.5
296127,3.5
296377,3.75
296542,4.0
296574,3.75
296575,3.25
296576,3.75
296577,3.25
296578,2.75
296579,3.75
296580,3.25
296589,3.5
296717,3.5
296718,3.75
296720,3.75
296751,3.75
296752,4.25
297037,3.75
297182,4.0
297183,3.5
297322,3.5
297324,1.75
297325,3.5
297326,4.25
297327,4.5
297328,4.75
297439,3.75
297514,4.0
297535,3.75
297558,3.25
297559,3.75
297560,3.5
297561,3.25
297562,4.0
297563,4.5
297869,4.25
297873,4.5
297902,3.25
297904,3.5
297905,4.25
297952,3.5
297959,4.0
298034,3.75
298167,3.25
298170,3.25
298171,3.25
298172,4.5
298183,3.5
298214,4.5
298215,3.5
298216,4.0
298250,3.75
298437,3.5
298533,3.75
298577,4.25
298755,4.25
298757,3.25
298758,3.5
298884,3.25
298886,3.0
298887,3.0
298888,3.75
298889,4.25
298890,4.25
298891,3.75
298892,4.25
299021,3.75
299029,4.25
299032,4.0
299150,3.5
299401,4.25
299439,4.25
299440,4.0
299592,3.5
299593,4.0
299594,3.5
299596,3.5
299597,4.5
299658,3.5
299659,3.25
299752,3.5
300072,1.0
300073,2.25
300074,3.75
300075,4.0
300076,3.0
300077,3.75
300078,4.5
300139,3.75
300140,3.5
300141,4.0
300142,3.5
300143,3.75
300144,5.5
300145,3.25
300146,3.75
300180,4.0
300182,3.5
300201,3.5
300202,3.25
300389,3.25
300390,2.75
300391,4.0
300392,4.0
300393,3.0
300394,4.0
300395,5.0
300652,3.75
301153,4.25
301187,4.75
301188,4.75
301205,3.75
301206,4.5
301368,0.0
301369,3.0
301441,4.25
301760,4.5
301840,4.0
301841,5.0
301842,3.25
301843,3.75
301844,4.25
301845,4.5
301891,4.0
301892,3.5
301894,3.75
301895,5.0
301927,1.25
301928,2.75
301929,3.25
301930,3.75
301931,3.25
301932,3.5
301933,4.25
301934,4.75
302112,3.5
302115,3.75
302306,4.0
302307,4.0
302308,4.0
302309,5.75
302310,3.25
302311,3.75
302312,3.75
302314,4.25
302593,3.5
302773,3.5
302943,4.0
302946,3.5
303013,4.0
303080,4.25
303085,2.5
303086,3.75
303101,3.5
303102,3.5
303104,4.25
303105,4.0
303118,4.5
303119,3.75
303120,3.25
303121,4.25
303350,3.25
303351,4.0
303352,4.5
303650,4.5
303652,4.0
303653,4.0
303806,4.25
304004,3.75
304005,4.25
304352,4.0
304415,1.0
304417,2.25
304418,4.25
304419,2.75
304420,4.0
304421,4.25
304458,4.25
304460,4.25
304461,4.5
304462,4.75
304463,4.5
304497,1.5
304498,4.25
304499,4.0
304588,3.5
305002,4.25
305003,3.25
305004,3.75
305005,3.25
305007,4.0
305008,4.5
305116,3.5
305117,4.25
305169,3.75
305547,2.75
305548,3.25
305549,2.75
305550,3.0
305551,2.25
305552,3.5
305553,2.75
305613,3.75
305618,4.5
305697,3.75
305699,3.25
305701,4.5
305716,3.5
305781,3.5
305843,4.25
306049,3.25
306054,4.25
306229,3.5
306232,3.5
306254,2.75
306256,2.25
306257,4.25
306258,4.25
306319,3.25
306320,3.5
306321,1.0
306322,2.0
306323,3.0
306324,2.75
306325,1.5
306326,1.5
306327,4.5
306379,3.5
306380,3.25
306381,3.75
306382,5.0
306383,3.5
306384,4.0
306385,4.0
306386,4.25
306387,4.75
306764,3.5
306765,4.25
306766,4.25
306868,3.5
306869,4.5
306871,4.5
306872,4.0
306997,2.75
306998,4.25
307036,4.25
307115,4.0
307437,3.5
307502,4.0
307503,3.75
307504,3.25
307505,3.25
307506,4.5
307680,4.25
307951,3.5
308093,3.5
308268,3.25
308269,3.75
308273,4.0
308283,5.25
308338,3.25
308782,5.0
308808,3.75
308900,4.25
308901,4.25
308902,3.75
308903,1.75
308904,2.0
308905,4.5
308906,4.0
308947,3.5
308948,3.75
309074,3.5
309150,3.5
309456,4.75
309624,3.75
309683,4.25
309684,3.0
309685,2.5
309686,2.0
309687,4.5
309688,3.75
309689,3.75
309694,4.0
309696,3.75
309797,3.5
309821,3.5
309823,3.5
309825,3.5
309826,3.25
309827,4.0
309828,3.25
309829,4.75
310219,4.5
310635,3.5
311068,4.0
311070,3.5
311093,4.0
311155,3.5
311190,4.25
311191,4.0
311322,4.25
311545,4.25
311550,4.25
311741,3.5
311746,3.5
311813,3.75
312110,4.25
312112,3.25
312113,3.25
312114,3.75
312134,3.75
312140,4.0
312294,3.5
312423,3.75
312544,4.0
312572,3.5
312764,4.5
312765,3.75
312766,3.5
312767,1.5
312768,1.75
312769,0.0
312770,1.5
312771,2.25
312876,4.0
313306,3.5
313307,3.25
313309,4.5
313312,3.25
313313,4.25
313398,3.75
313456,4.25
313832,3.75
313869,4.5
313870,2.75
313871,4.5
313872,3.5
313873,4.5
314026,3.25
314400,4.0
314497,4.25
314502,4.0
314503,4.5
314673,3.25
314674,3.25
314677,4.25
314806,3.25
314808,4.5
314811,4.5
314921,3.5
314923,3.75
314926,4.25
315016,4.5
315017,4.5
315074,3.5
315076,3.75
315080,2.0
315274,4.0
315307,3.25
315377,3.25
315436,3.25
315501,4.25
315502,4.5
315503,2.25
315505,4.25
315506,4.0
315507,3.0
315508,4.25
315705,3.25
315706,3.25
315996,3.75
316156,4.5
316231,3.25
316233,3.25
316234,3.75
316376,4.75
316387,3.5
316388,2.0
316449,4.75
316520,4.75
316564,3.75
316633,3.5
316637,4.25
316638,3.25
316763,3.5
317036,3.25
317038,3.5
317039,4.0
317040,4.5
317204,4.0
317206,3.25
317394,4.25
317500,4.0
317502,3.5
317504,3.5
317569,4.5
317570,4.75
317571,2.75
317604,4.25
318154,3.75
318155,4.75
318179,5.0
318180,5.0
318206,3.75
318292,3.5
318392,4.0
318394,4.0
318420,4.75
318463,3.5
318467,4.25
318468,3.25
318469,3.25
318470,4.75
318471,4.25
318472,3.75
318617,3.5
318673,4.0
318675,4.75
318756,3.25
318758,3.25
318759,3.75
318760,3.5
318761,3.75
318902,3.5
318904,4.25
318907,3.75
318989,3.75
319292,3.25
319293,4.25
319294,3.5
319295,4.5
319450,3.75
319451,4.0
319452,3.25
319453,3.25
319454,3.25
319505,3.5
319506,4.0
319847,3.25
319849,4.25
319850,1.5
319852,3.0
319853,3.25
319937,4.5
319944,3.75
319945,4.0
319973,4.0
319977,4.25
320133,4.5
320134,2.75
320135,2.75
320136,3.0
320137,4.0
320138,3.5
320139,4.5
320154,4.5
320185,3.75
320366,4.0
320370,5.0
320560,3.5
320581,4.0
320604,3.25
320650,3.75
320663,4.75
320722,3.75
320724,3.5
320753,3.5
321192,4.0
321193,4.25
321278,4.0
321279,3.5
321282,5.0
321362,4.0
321364,3.5
321365,4.25
321366,3.5
321368,3.5
321369,4.0
321370,3.75
321371,5.0
321433,4.0
321437,4.5
321438,3.75
321467,3.25
321468,3.5
321470,3.25
321472,3.25
321473,4.75
321474,4.0
321524,3.75
321525,3.75
321526,4.5
321527,4.0
321528,3.25
321529,3.25
321530,3.25
321996,3.25
322008,4.0
322009,3.75
322061,4.25
322205,3.25
322206,3.0
322208,3.75
322209,3.0
322211,4.0
322230,4.25
322302,3.25
322306,3.5
322366,3.25
322367,2.25
322368,3.25
322369,3.5
322427,3.75
322461,3.5
322549,3.5
322620,4.5
322621,1.25
322622,3.25
322623,4.25
322624,2.25
322625,4.5
322732,3.5
322735,3.25
322860,3.25
322862,3.25
322867,3.25
322868,3.75
322993,2.5
322994,4.0
323011,4.25
323046,3.75
323081,4.25
323084,4.25
323086,4.0
323260,3.75
323405,3.75
323539,3.5
323541,3.5
323664,4.25
323665,4.0
323666,3.5
323710,3.5
323772,4.0
323795,5.0
323925,3.5
324035,4.25
324417,3.75
324420,3.5
324475,3.25
324477,3.25
324495,4.75
324519,3.75
324522,4.0
324694,3.25
324856,4.0
324982,3.75
325243,3.75
325353,3.75
325488,4.5
325489,4.5
325500,4.5
325502,4.25
325503,4.25
325504,4.25
325653,3.25
325654,3.5
325818,4.0
325820,3.5
325822,4.5
326000,4.75
326050,3.25
326051,3.25
326052,4.0
326053,4.25
326092,4.0
326093,1.75
326094,2.25
326095,3.5
326096,3.25
326097,3.25
326098,5.0
326298,4.0
326501,3.75
326502,3.0
326504,2.75
326505,2.0
326506,3.25
326575,3.75
326624,3.5
326625,3.75
326628,5.0
326682,4.25
326685,3.75
326728,3.25
326729,3.25
326730,3.75
326733,3.25
326822,3.75
326823,3.75
326827,4.0
326922,3.25
326976,4.5
327084,3.5
327525,4.25
327526,4.75
327527,2.0
327528,4.5
327529,2.25
327530,2.75
327531,3.25
327532,3.5
327533,3.75
327534,4.0
328010,3.75
328011,1.5
328018,3.75
328021,3.75
328025,4.25
328027,4.5
328155,3.25
328157,4.25
328231,4.0
328232,3.75
328233,3.75
328235,4.25
328359,4.0
328376,3.5
328539,3.75
328692,4.0
328695,3.75
328702,4.25
328883,3.5
328900,4.0
328901,3.5
328902,3.5
328984,4.0
328986,4.0
328992,3.25
329032,3.5
329033,4.0
329256,4.0
329259,3.5
329300,4.0
329301,3.5
329681,2.25
329682,3.25
329683,1.5
329684,4.0
329692,3.0
329693,2.25
329694,2.75
329695,2.5
329697,2.0
329698,2.25
329727,4.25
329729,3.75
329731,3.75
329732,4.0
329735,4.5
329736,4.25
329892,3.25
329893,3.5
330260,3.25
330263,3.25
330264,3.75
330265,3.75
330266,5.0
330267,4.25
330268,4.75
330358,3.75
330374,4.0
330375,4.0
330376,4.5
330396,3.5
330476,3.5
330477,3.5
330479,3.25
330480,4.25
330603,3.75
330812,3.5
330813,3.25
330814,3.25
330815,3.25
330912,3.5
331061,4.75
331228,4.0
331229,3.25
331241,3.25
331242,3.5
331243,3.75
331244,4.5
331245,4.0
331246,4.25
331592,3.5
331593,3.75
331596,4.0
331667,3.5
331668,3.25
331669,2.5
331671,1.0
331672,4.5
331876,4.0
331883,3.5
331913,4.0
331914,4.25
331915,3.75
332004,3.5
332018,4.25
332155,4.0
332157,3.75
332619,4.5
332620,4.0
332669,3.75
332671,4.25
332734,3.5
332965,3.25
332966,3.25
333163,3.25
333165,3.5
333166,4.25
333167,3.75
333168,4.25
333238,4.25
333242,3.5
333244,3.5
333356,4.25
333466,3.5
333468,4.25
333469,3.5
333470,4.25
333471,4.25
333472,5.0
333541,3.75
333545,4.0
333566,3.5
333744,3.75
333812,3.75
333824,4.0
333887,3.75
333888,4.25
334102,3.25
334106,3.25
334109,3.25
334110,4.0
334111,3.25
334112,3.25
334156,4.75
334157,3.25
334158,3.25
334159,4.0
334160,3.25
334161,4.75
334162,3.5
334163,4.5
334168,2.25
334492,4.0
334647,3.0
334649,3.25
334652,4.0
334653,3.75
334654,4.75
334802,3.5
334803,4.5
334804,4.25
334805,4.75
334889,3.25
335164,4.0
335189,3.75
335190,4.25
335191,3.25
335192,4.0
335435,3.25
335440,3.5
335442,3.25
335541,2.5
335542,1.5
335543,1.5
335544,1.75
335545,1.5
335546,2.75
335547,3.0
335599,3.75
335600,4.0
335856,4.0
336109,3.5
336110,2.0
336112,1.5
336113,3.0
336114,2.0
336115,3.5
336200,3.25
336201,3.5
336202,3.25
336203,3.25
336204,4.75
336205,3.75
336360,4.0
336736,3.5
336788,4.0
336883,3.25
336887,3.5
336930,3.5
337000,3.5
337001,3.5
337002,4.0
337249,4.5
337264,5.0
337265,4.75
337296,3.25
337298,3.0
337509,1.5
337510,1.75
337511,1.5
337512,3.5
337513,4.25
337514,2.0
337515,3.25
337806,3.5
337809,4.0
337810,3.5
337965,3.75
338050,3.5
338053,3.75
338060,4.25
338239,3.5
338240,3.5
338242,3.25
338243,3.5
338314,3.5
338602,3.5
338603,3.25
338604,4.5
338730,4.25
338912,3.25
338914,3.5
338979,4.0
338987,3.25
338989,3.25
338990,3.25
338991,3.75
338992,3.75
338993,4.0
338994,3.75
338995,5.0
339109,3.5
339112,3.25
339212,3.5
339217,3.5
339223,3.75
339226,3.5
339632,4.25
339634,3.25
339661,3.5
339662,3.25
339664,3.5
339669,3.5
339670,4.5
339671,4.5
339673,3.5
339674,3.5
339676,4.25
339771,4.5
339775,3.75
339858,3.75
339976,4.75
340023,3.75
340030,3.5
340069,3.5
340210,3.5
340213,4.25
340233,3.5
340234,4.25
340578,3.5
340580,4.25
340583,3.25
340609,4.0
340803,3.25
340805,3.75
340806,3.75
340807,4.5
340808,3.5
340809,4.75
340810,4.5
340811,7.0
340862,4.25
340863,4.0
340865,4.5
340867,4.0
340869,4.5
340870,4.5
341003,3.25
341004,3.25
341005,4.0
341006,1.25
341007,3.5
341008,3.75
341009,2.0
341010,3.75
341011,3.0
341012,4.0
341013,4.5
341080,4.25
341081,4.75
341110,3.75
341112,4.0
341113,4.0
341114,3.25
341611,3.75
341701,4.5
341702,4.5
341703,4.75
342033,4.25
342085,2.75
342086,3.25
342087,3.5
342088,1.5
342089,2.25
342090,1.25
342091,1.5
342092,1.5
342156,3.25
342159,4.25
342160,3.25
342208,4.25
342210,3.75
342212,4.25
342213,3.75
342214,4.0
342215,4.75
342216,3.5
342217,4.5
342359,4.0
342446,3.5
342447,3.5
342448,1.0
342449,3.75
342450,3.25
342451,4.0
342476,1.25
342477,2.75
342478,1.25
342479,4.25
342480,5.0
342562,4.0
342605,4.0
342668,3.25
342674,3.25
342675,4.0
342753,3.25
342756,4.5
342921,4.0
342922,3.5
342927,3.5
343041,3.5
343084,3.25
343086,3.25
343087,4.0
343219,3.5
343220,4.25
343913,3.5
343914,3.25
343915,2.25
343916,3.5
343918,1.75
343919,3.0
343920,3.0
344008,4.25
344063,3.5
344172,3.75
344260,4.0
344338,3.75
344345,3.25
344346,3.5
344348,3.5
344422,3.5
344661,3.5
344663,3.75
344665,4.75
344666,4.5
344667,4.0
344672,3.25
344674,3.75
344678,3.5
344932,3.75
344935,4.0
344936,4.0
344937,3.25
344938,1.25
344939,2.0
344940,3.25
344941,3.0
344942,4.5
344943,4.75
345000,3.5
345075,3.25
345078,3.5
345079,5.75
345134,3.5
345135,3.25
345136,4.25
345137,4.0
345138,4.0
345251,4.0
345359,4.0
345386,4.0
345776,3.25
345777,4.25
345783,3.25
345846,3.5
345847,4.25
345849,3.5
346179,4.5
346263,3.25
346264,3.25
346266,4.25
346289,4.25
346290,5.0
346499,3.25
346500,4.5
346501,3.75
346615,4.0
346668,4.0
346669,4.5
346671,3.5
346672,3.75
346754,3.0
346755,3.25
346756,1.0
346757,3.5
346758,3.25
346759,2.0
347095,3.0
347096,4.75
347097,3.0
347098,4.75
347134,3.75
347323,3.5
347327,3.5
347403,3.25
347405,3.5
347613,3.5
347681,4.25
347683,3.75
348018,4.25
348020,3.75
348222,4.25
348223,3.5
348396,4.0
348399,4.25
348454,3.75
348798,2.0
348799,2.5
348800,2.0
348801,4.25
348802,4.75
348803,4.25
348905,3.25
348907,4.0
348908,4.5
348944,3.5
349363,3.75
349368,4.25
349577,4.0
349579,4.75
349582,4.75
349862,3.5
349863,3.5
349899,3.25
349970,4.75
350052,3.75
350292,4.0
350293,3.75
350553,4.0
350623,3.5
350627,3.5
350628,3.75
350776,4.25
350798,3.5
350800,4.25
350803,4.5
350804,4.25
350826,3.0
350870,3.75
350875,3.5
350898,3.75
350899,3.25
350900,3.5
350901,3.75
350934,3.75
350935,3.5
350936,3.25
350937,3.25
351292,2.5
351579,3.5
351580,4.5
351581,4.75
351582,4.5
351583,2.75
351584,4.25
351585,4.75
351586,2.5
351587,4.5
351668,3.5
351669,4.25
351818,4.0
351821,3.75
351994,4.25
351995,4.25
351997,3.75
351998,3.75
352282,4.5
352283,4.25
352408,4.25
352450,3.5
352608,4.5
352665,3.25
352666,2.5
352667,3.5
352668,4.75
352669,5.0
352670,4.25
352901,3.75
352945,4.25
353152,3.75
353205,4.5
353617,3.5
353703,3.25
353704,3.25
353705,2.0
353706,3.0
353707,3.25
353708,3.5
353709,4.0
353710,4.75
353711,4.75
353854,3.5
353857,4.0
353983,3.25
353984,3.5
353985,3.5
353986,3.25
353987,3.75
353988,4.0
353989,4.5
353990,3.5
353991,4.0
353992,4.25
353993,3.5
353994,3.25
354008,3.5
354010,4.0
354011,4.5
354012,3.75
354015,4.5
354016,4.75
354063,4.25
354064,3.75
354066,3.5
354110,3.5
354357,3.5
354362,3.75
354752,3.5
354938,3.5
354954,3.75
355049,3.25
355050,3.5
355051,4.0
355052,4.25
355066,3.5
355069,3.75
355163,4.25
355177,5.0
355514,4.0
355515,3.75
355516,3.5
355517,4.75
355812,4.0
355817,4.0
355829,4.5
355831,4.25
355977,4.5
355979,4.25
355992,4.0
356057,4.0
356188,4.0
356407,4.0
356408,4.5
356409,3.5
356410,4.25
356471,3.75
356485,3.25
356515,3.75
356518,3.25
356520,3.75
356521,4.25
356522,4.25
356607,3.25
356611,2.75
356612,3.25
356722,3.5
356723,3.25
356994,3.5
356995,4.25
357054,3.75
357159,3.25
357162,3.75
357163,3.25
357502,3.5
357826,4.5
357886,1.75
357927,3.5
358323,4.0
358339,4.0
358341,3.25
358456,4.25
358495,4.5
358515,4.5
358542,4.0
358545,4.0
358767,3.5
358768,4.25
358769,4.5
358770,3.5
358771,3.25
358772,5.0
358933,4.0
358977,3.25
358981,3.5
358983,3.75
358984,3.75
358991,4.0
359126,3.25
359128,4.25
359144,4.0
359157,3.75
359162,3.5
359183,3.25
359184,3.5
359185,3.75
359186,4.5
359280,3.75
359435,4.5
359436,3.75
359437,4.75
359474,3.0
359475,3.75
359484,3.0
359486,2.75
359487,2.0
359489,4.0
359490,3.5
359510,3.5
359511,4.25
359756,3.75
359885,4.25
359907,4.25
360269,4.25
360271,3.5
360272,4.25
360276,3.25
360277,3.25
360279,3.25
360280,4.5
360281,4.25
360282,5.5
360354,4.25
360420,4.75
360421,4.5
360422,3.5
360423,3.0
360424,5.0
360608,3.75
360610,3.25
360611,4.0
360612,3.5
360613,4.0
360614,4.5
360698,3.5
361110,4.0
361111,3.75
361120,3.75
361121,4.5
361244,3.5
361373,4.25
361458,4.0
361459,4.0
361461,3.5
361462,3.0
361463,3.5
361465,4.5
361515,3.5
361519,3.5
361520,3.5
361565,3.5
361744,3.75
361745,3.75
361746,3.25
361747,3.5
361748,4.25
361749,3.5
361750,4.0
361778,3.5
361783,3.5
361892,3.25
361895,5.0
361909,3.5
361911,3.75
361912,3.5
361917,3.25
361918,3.25
361919,4.0
361920,4.25
361921,4.75
361922,4.25
361923,4.25
361924,4.25
361986,3.75
362212,3.5
362366,3.0
362367,3.75
362368,1.5
362369,4.0
362370,3.5
362371,4.75
362401,3.5
362707,4.0
362787,4.25
362788,3.25
362789,4.0
362790,4.75
362791,3.25
362792,4.25
362793,3.75
362940,4.25
362953,2.25
363145,4.0
363146,3.75
363147,3.25
363492,3.5
363493,1.5
363494,3.5
363495,2.5
363496,3.0
363497,2.5
363498,3.5
363499,3.25
363500,3.75
363501,4.5
363502,4.25
363508,4.5
363915,3.5
363916,4.0
363917,4.5
363918,5.75
364134,2.75
364135,1.75
364136,2.5
364137,1.25
364507,4.0
364838,2.25
364839,4.0
364840,1.75
364841,1.5
364843,4.5
364844,1.0
364845,2.25
364857,3.5
365171,4.0
365254,3.5
365386,3.25
365388,4.5
365389,3.25
365391,3.5
365392,4.0
365619,3.5
365672,3.5
365752,3.25
365753,3.25
365754,3.5
365883,3.5
366207,4.25
366311,2.5
366312,3.5
366313,3.5
366314,4.25
366315,3.5
366316,4.5
366387,3.75
366445,3.5
366633,3.5
366822,4.75
366896,3.5
367227,4.0
367228,3.25
367331,3.75
367647,4.75
367657,3.25
367658,4.5
367659,4.0
367704,4.25
367705,3.5
367706,3.0
367707,3.5
367708,3.75
367709,4.25
367715,3.5
367716,4.25
367717,4.5
367718,3.75
367719,3.5
367721,4.25
367739,4.0
367740,4.25
367741,3.25
367742,3.5
367743,3.5
367744,4.5
367745,4.5
367931,3.25
367932,3.75
367933,2.75
367934,4.75
367935,3.75
367936,3.25
367937,4.75
367938,3.75
368015,3.75
368048,4.5
368049,4.0
368052,4.75
368196,4.5
368198,4.5
368311,1.5
368312,2.25
368511,4.25
368512,3.0
368513,4.0
368514,3.5
368515,3.25
368516,3.5
368663,3.5
368664,3.5
368665,3.5
368666,3.75
368667,4.25
368776,3.75
368871,3.5
369102,3.5
369103,4.25
369106,5.0
369107,4.75
369459,2.75
369460,2.75
369461,2.0
369462,4.5
369463,2.0
369464,2.75
369465,2.0
369466,4.0
369467,3.0
369626,4.75
369628,3.75
369629,3.25
369836,3.75
369842,4.5
369904,3.75
369942,4.5
370125,4.0
370333,3.75
370406,3.25
370409,3.25
370410,3.5
370411,3.5
370412,3.75
370413,3.5
370708,3.25
370720,4.25
370794,2.25
370795,2.0
371034,4.0
371089,3.5
371091,3.25
371225,3.5
371226,3.25
371364,3.75
371401,4.25
371732,4.0
371806,4.25
371885,3.5
371886,4.5
371888,3.25
371889,3.5
371890,4.25
372064,3.75
372252,4.25
372253,3.5
372254,4.5
372255,4.5
372256,4.25
372346,4.5
372347,4.5
372348,4.5
372349,3.5
372350,4.25
372611,3.75
372615,4.25
372739,4.0
372934,3.25
372939,3.5
372940,3.25
372942,4.0
373107,3.75
373168,3.5
373169,3.75
373170,3.75
373171,3.5
373172,1.5
373173,3.25
373174,4.25
373175,4.5
373625,4.0
373661,3.75
373663,3.75
373664,2.0
373666,3.25
373667,4.0
373668,3.25
373761,4.75
373765,4.0
374030,3.5
374032,3.75
374039,5.5
374107,4.0
374137,2.5
374138,5.0
374139,3.75
374141,3.75
374142,4.5
374176,3.75
374285,4.0
374287,3.25
374288,4.25
374289,3.5
374290,3.75
374292,4.25
374293,5.0
374441,4.25
374572,3.5
374574,4.5
374575,4.25
374576,3.25
374577,4.25
374578,4.25
374579,4.5
374599,3.25
374600,3.5
374601,4.0
374603,4.5
374604,5.0
374662,3.75
374664,4.0
374677,3.0
374768,3.25
375151,3.75
375236,3.75
375499,3.5
375698,4.0
375709,4.5
375731,4.0
375732,3.75
375734,3.5
375813,4.0
376043,3.25
376168,3.75
376366,4.0
376367,4.25
376369,3.75
376371,4.0
376372,4.75
376384,3.5
376513,3.5
376514,3.5
376515,1.5
376516,3.75
376517,3.5
376518,4.75
376656,4.0
376660,3.25
376663,4.0
376730,4.25
376733,4.0
376734,3.75
376735,3.5
376798,3.25
376802,3.75
376869,4.0
376870,4.75
376871,3.0
376872,4.75
376997,3.25
376999,3.5
377000,3.5
377003,3.5
377004,4.0
377176,4.75
377368,3.25
377370,3.5
377371,4.0
377372,3.25
377528,3.0
377529,3.75
377530,4.25
377531,3.5
377532,2.75
377533,4.5
377534,4.25
377535,4.75
377540,3.75
377735,3.75
377736,5.0
377742,3.5
377810,4.25
377974,3.75
377977,4.25
378266,3.25
378314,3.5
378315,4.0
378415,3.25
378435,3.25
378437,1.0
378441,1.75
378444,1.0
378446,4.0
378447,2.75
378681,3.5
378683,4.25
379072,3.25
379106,3.5
379110,4.25
379123,3.5
379124,3.75
379125,4.5
379126,4.25
379144,3.25
379159,3.0
379162,3.25
379192,3.5
379193,3.5
379194,4.5
379404,4.75
379536,3.75
379558,3.5
379601,4.0
379608,3.25
379844,3.75
379910,3.5
379914,3.5
379944,3.5
379947,4.25
379950,5.0
380129,4.0
380301,3.75
380304,3.75
380399,3.5
380402,4.25
380508,3.75
380661,3.25
380665,3.5
380743,3.5
380744,4.25
381014,2.25
381015,2.0
381016,2.0
381018,4.0
381019,3.25
381020,4.5
381021,4.25
381120,3.5
381121,4.0
381122,3.5
381123,3.5
381128,1.5
381129,1.5
381130,2.0
381131,2.5
381132,2.5
381203,3.5
381204,3.25
381205,2.25
381206,2.75
381207,2.5
381208,4.0
381215,4.0
381216,3.75
381217,4.0
381338,3.0
381962,3.25
382340,3.5
382395,3.0
382396,5.0
382397,3.5
382398,3.5
382399,2.5
382760,4.0
382764,3.75
382988,3.5
382990,3.25
382993,3.5
383030,3.5
383052,3.75
383053,3.25
383056,4.25
383497,3.5
383597,4.25
383694,3.75
383787,4.0
383790,3.5
383792,4.5
383919,4.25
384452,4.0
384454,4.0
384455,3.75
384456,4.5
384457,3.75
384675,3.25
384676,3.5
384679,3.5
384682,4.0
385788,3.25
385835,3.25
385839,4.75
385969,4.0
386313,4.0
386314,3.75
386315,4.0
386316,3.5
386317,3.0
386318,1.75
386319,2.25
386395,3.75
386397,3.5
386462,3.5
386568,4.25
386718,3.5
386719,3.5
386720,3.5
386722,3.5
386723,4.0
386724,4.25
386725,4.25
386788,4.25
386915,4.25
387089,3.75
387137,4.25
387138,4.0
387540,3.5
387773,2.75
387774,3.5
387776,1.5
387777,3.75
388558,3.5
388798,2.75
388799,3.25
388800,2.5
388801,3.75
388802,3.0
388803,4.75
389109,3.5
389155,3.5
389158,3.25
389159,3.5
389160,3.5
389245,4.5
389246,4.75
389247,4.0
389262,4.0
389484,3.25
389485,4.0
389490,4.0
389526,3.5
389611,4.25
389612,3.75
389614,3.75
389616,3.5
389672,3.5
389673,4.0
389684,4.5
389687,3.25
390023,3.5
390244,4.25
390247,3.75
390355,3.25
390356,4.5
390427,4.5
390442,4.0
390447,4.0
390827,3.75
390917,3.5
390924,4.75
390925,4.5
390972,3.25
391048,3.25
391068,4.0
391136,3.5
391384,4.0
391387,3.75
391496,4.75
391497,4.0
391498,3.5
391511,4.25
391543,4.0
391544,3.75
391545,4.75
391592,3.5
391593,4.0
391631,3.25
391920,4.25
392322,3.25
392323,3.0
392324,4.25
392388,4.25
392389,4.0
392390,3.5
392391,2.75
392392,3.5
392393,3.75
392395,4.5
392543,4.0
392544,4.5
392545,5.75
392640,3.5
392749,4.0
392750,3.25
392753,3.5
392852,2.0
392853,2.75
392854,2.25
392855,2.25
392856,2.0
392858,1.75
392859,3.75
392860,3.25
392861,2.5
392863,4.0
392864,4.5
392865,4.25
392866,4.25
392867,5.75
393047,4.0
393054,5.0
393118,4.75
393122,4.25
393260,3.0
393261,2.25
393262,3.25
393263,3.5
393264,2.75
393265,4.5
393385,3.25
393445,3.5
393458,3.25
393462,3.25
393463,3.75
393525,3.5
393526,3.25
393530,4.0
393531,4.75
393533,4.75
393679,4.25
393789,3.5
394043,4.75
394138,3.5
394139,3.75
394140,3.25
394675,3.75
394676,4.25
394678,4.5
394679,4.0
394680,3.75
394681,3.5
395049,3.5
395051,3.5
395053,3.5
395067,3.25
395069,3.75
395070,4.25
395072,4.0
395073,3.5
395074,3.75
395081,3.5
395246,3.5
395298,4.0
395360,4.5
395437,4.0
395439,4.0
395448,4.0
395662,5.0
395682,3.5
395684,4.0
395847,3.5
395848,3.75
395849,3.25
395850,3.25
395851,4.75
396175,3.5
396295,3.5
396296,4.5
396297,3.5
396298,3.75
396759,4.5
396761,4.25
396762,4.25
396763,4.5
397117,3.5
397123,3.5
397124,4.0
397136,4.0
397137,3.75
397140,3.5
397209,4.0
397210,3.25
397211,1.0
397212,4.25
397213,4.25
397251,3.75
397674,3.75
397677,4.25
397736,4.0
397742,3.75
397807,3.5
397940,3.75
398062,4.5
398421,3.0
398422,3.75
398423,4.0
398425,4.25
398612,3.5
398676,3.5
398736,3.25
398737,3.75
398738,3.75
398739,3.25
398740,4.0
398741,6.0
399214,3.5
399233,3.25
399386,3.5
399592,4.0
399883,5.0
399997,4.25
400001,3.75
400139,4.0
400140,3.5
400141,5.0
400142,3.5
400143,4.5
400215,3.0
400403,2.75
400404,3.5
400405,4.0
400406,1.75
400407,3.5
400409,3.5
400410,4.75
400454,3.75
400481,2.75
400482,2.75
400483,3.75
400484,3.5
400485,4.5
400486,4.5
400574,3.75
400576,4.0
400789,4.0
400881,3.75
400883,3.5
400909,4.0
400910,3.75
400911,3.75
400912,3.5
400913,4.25
400914,4.75
401114,3.25
401115,3.75
401116,4.5
401124,3.5
401125,3.25
401161,3.75
401250,3.75
401452,3.75
401456,4.5
401476,2.0
401477,2.75
401557,3.25
401723,4.25
401728,4.25
401732,3.25
401733,4.0
401734,4.0
402146,4.25
402147,3.5
402149,4.0
402153,3.75
402171,3.75
402172,4.0
402174,3.75
402176,5.0
402177,3.25
402178,4.25
402179,4.0
402180,3.5
402181,3.75
402182,3.5
402183,3.75
402225,3.5
402231,4.75
402248,3.75
402249,3.5
402287,4.0
402294,3.5
402295,3.5
402302,3.75
402305,3.5
402307,4.25
402736,3.25
402738,3.25
402740,4.0
402742,3.75
402757,4.0
402758,4.0
403065,3.25
403068,3.75
403070,3.5
403170,4.5
403549,3.75
403882,3.75
403923,3.25
403928,3.5
403930,3.5
403932,4.5
403996,3.75
404003,3.75
404097,4.5
404125,3.5
404126,4.25
404129,3.25
404130,3.25
404151,3.25
404153,2.25
404154,3.0
404155,2.0
404156,2.75
404159,4.5
404160,3.5
404161,4.5
404233,4.25
404236,3.75
404483,4.5
404484,3.5
404486,3.25
404487,3.75
404905,3.75
405116,3.25
405119,4.0
405121,3.25
405234,4.25
405409,3.25
405410,4.5
405413,3.75
405468,3.25
405483,2.25
405485,3.25
405488,3.75
405536,4.0
405537,3.5
405539,4.25
405894,3.5
405899,4.5
405929,3.75
405931,4.0
405932,4.5
405933,4.0
405934,4.75
405935,3.25
405949,3.75
405952,4.25
405953,4.0
406179,4.25
406180,4.0
406292,4.5
406609,4.25
406691,3.25
406783,4.0
406874,4.5
407201,3.5
407576,4.75
407581,4.25
407737,3.25
407741,3.5
407742,4.5
407744,3.75
407745,4.0
408024,3.5
408030,4.0
408031,4.25
408052,4.25
408077,3.25
408078,4.0
408079,3.25
408081,3.5
408082,4.5
408083,4.75
408084,4.0
408322,3.5
408338,4.5
408438,4.0
408440,4.0
408630,2.5
408631,3.0
408632,3.5
408633,3.5
408634,3.5
408635,3.0
408636,4.0
408637,3.5
408714,4.25
408886,4.25
408887,4.5
408943,4.5
408945,3.25
408946,4.0
409070,3.5
409072,4.0
409100,4.25
409101,3.25
409102,4.0
409103,3.75
409105,3.25
409106,2.75
409108,4.75
409109,5.0
409120,3.75
409122,4.0
409456,3.25
409460,3.75
409566,2.0
409865,3.75
409871,3.25
409896,1.25
409897,1.5
409898,0.75
409899,4.0
409901,2.5
409902,2.75
409903,2.75
409905,3.0
410132,4.0
410134,3.25
410203,3.25
410206,3.25
410208,4.0
410209,4.5
410287,4.75
410289,4.25
410298,4.25
410299,3.5
410300,4.25
410302,3.75
410310,3.5
410311,3.25
410313,3.5
410314,4.25
410315,4.0
410316,3.25
410363,3.25
410690,3.5
410692,4.0
410693,4.5
410694,3.5
410807,3.75
410811,4.0
410958,4.25
410959,3.5
410960,3.5
410963,3.5
410990,4.25
410991,3.5
410992,4.0
410993,4.5
411029,4.0
411058,3.5
411059,3.75
411060,4.25
411061,4.0
411062,4.25
411063,4.0
411064,4.75
411500,3.5
411501,4.25
411502,4.75
411735,4.5
411903,3.75
411906,4.0
411937,3.75
411942,4.0
411961,3.5
411966,3.5
412034,4.0
412038,4.25
412157,3.25
412158,3.5
412309,3.75
412394,4.5
412395,4.5
412460,3.5
412520,3.25
412521,3.25
412522,4.5
412523,4.25
412524,4.5
412559,3.75
412560,3.25
412563,4.0
412565,3.5
412566,4.75
412567,3.0
412568,3.0
412569,3.5
412570,4.25
412737,4.25
412795,4.0
412888,3.75
412894,4.0
412948,4.5
412950,3.75
412951,3.75
412953,4.25
413095,3.0
413096,1.5
413097,3.5
413098,3.25
413099,3.75
413100,4.5
413101,4.0
413146,2.0
413147,1.5
413148,3.5
413149,2.75
413150,4.5
413151,3.5
413152,4.0
413153,4.25
413193,3.75
413292,2.75
413294,2.25
413295,3.0
413296,3.0
413297,2.5
413298,3.25
413299,3.0
413300,4.75
413828,3.5
413829,4.0
413830,4.5
413832,4.0
414128,3.5
414129,4.0
414130,4.75
414322,3.5
414325,4.5
414327,4.0
414349,4.0
414350,3.5
414351,3.25
414352,3.75
414354,3.5
414356,3.5
414444,3.75
414661,2.75
414662,2.0
414663,3.0
414664,1.0
414665,1.0
414666,1.5
414667,1.25
414668,3.5
414669,2.5
414684,3.75
414688,4.5
414727,3.5
414889,4.0
414892,4.0
415054,2.25
415055,1.75
415056,3.0
415057,3.5
415058,2.5
415059,2.0
415060,3.0
415061,1.75
415062,4.75
415063,4.0
415064,3.25
415110,4.0
415113,3.75
415200,4.25
415441,3.5
415445,4.5
415446,4.0
415447,5.0
415868,4.25
415882,1.75
416064,3.75
416065,3.25
416066,3.75
416067,3.75
416068,4.5
416268,4.0
416674,4.0
416676,3.5
416692,3.25
416696,3.5
416831,3.5
417009,4.0
417062,4.0
417064,4.25
417065,3.75
417209,3.25
417301,3.75
417304,4.0
417495,3.5
417546,3.5
417581,4.5
417701,3.0
417702,3.0
417703,3.5
417704,2.5
417705,3.75
417777,3.5
417779,4.0
417799,3.25
417834,3.5
417836,4.5
417837,3.5
417838,3.75
417878,4.25
417884,3.5
417945,3.5
418056,4.75
418057,4.75
418201,3.5
418385,4.0
418408,3.25
418413,3.5
418414,4.0
418415,3.75
418959,4.25
418960,4.0
418961,4.0
418962,3.5
418963,3.75
419127,3.75
419128,2.75
419129,3.75
419130,1.5
419131,2.75
419132,2.75
419160,4.25
419214,4.25
419226,3.5
419228,4.0
419229,4.25
419230,3.75
419231,4.75
419421,4.25
419431,3.25
419432,2.5
419433,3.0
419434,1.5
419435,4.5
419436,3.25
419670,4.0
419893,3.5
419897,3.75
420112,4.5
420118,3.75
420119,4.25
420385,4.75
420447,4.5
420473,4.0
420536,4.5
420560,3.75
420561,4.25
420628,3.5
420643,4.75
420649,3.75
420653,3.5
420654,3.25
420655,4.5
420762,3.75
420763,3.25
420845,4.0
420861,3.25
420862,3.25
420863,3.25
420940,4.5
420941,5.0
421003,4.0
421072,4.5
421073,4.5
421223,2.75
421373,3.75
421377,4.25
421378,3.75
421671,4.0
421791,3.5
421793,4.25
421795,3.75
421796,4.25
422263,4.0
422267,3.75
422555,3.5
422766,3.0
422799,3.5
422800,4.25
422801,3.25
422802,4.0
422803,3.75
422804,4.5
422825,4.0
422826,4.25
422861,4.5
422863,4.25
422864,3.75
422873,3.5
422949,3.75
422990,3.25
422991,3.5
422993,4.0
422994,3.5
422995,4.25
423213,4.25
423252,4.5
423331,3.25
423470,3.5
423789,4.25
423979,3.75
423980,4.5
423981,3.75
423982,3.75
423983,4.0
424040,4.0
424041,4.5
424045,4.0
424110,4.5
424141,3.5
424251,4.0
424411,4.25
424435,3.0
424437,2.75
424439,3.25
424440,4.0
424441,4.25
424442,4.25
424522,2.25
424524,4.0
424525,3.5
424526,3.75
424527,4.5
424528,4.5
424610,3.75
424739,4.5
424744,4.25
424974,3.75
424979,4.75
425032,4.75
425067,4.0
425171,3.25
425175,3.75
425480,3.75
425483,3.5
425489,3.25
425491,3.0
425492,4.75
425493,5.5
425540,4.25
425728,3.5
425729,3.25
425833,3.75
425861,4.0
425863,4.0
425864,3.75
425865,4.0
425973,3.0
426141,4.0
426155,3.75
426392,3.75
426466,3.5
426469,4.0
426795,3.5
426858,4.5
426860,3.5
427019,4.0
427022,4.5
427408,4.0
427410,3.75
427469,3.25
427473,3.5
427474,3.75
427808,2.25
427810,2.75
427813,3.5
427814,2.75
427936,4.0
427982,4.0
428076,3.25
428078,3.25
428082,4.25
428557,3.25
428561,3.75
428562,3.75
428872,4.0
428876,5.0
428878,3.5
429113,2.75
429115,1.0
429199,3.75
429203,4.0
429591,3.25
429594,4.25
429790,3.25
429792,3.25
429796,3.25
429797,3.75
429798,4.5
430041,4.0
430046,4.5
430255,4.0
430258,4.5
430267,4.25
430279,3.5
430313,3.25
430368,4.5
430370,4.0
430398,4.0
430528,4.0
430530,3.5
430534,4.25
430686,3.5
431033,4.25
431146,3.25
431147,3.5
431148,3.5
431151,3.75
431152,3.5
431180,3.5
431181,3.75
431344,2.0
431345,3.5
431346,4.0
431347,4.0
431348,2.75
431349,4.5
431350,3.75
431351,4.0
431352,4.75
431353,5.25
431354,4.5
431364,3.5
431365,3.5
431415,4.0
431483,3.5
431484,3.75
431485,3.5
431488,3.75
431489,3.5
431627,3.75
431687,3.5
431713,4.25
431867,4.0
431870,4.25
431879,4.25
432388,4.25
432665,2.0
432667,4.0
432668,1.75
433190,3.5
31003,4.0
214503,4.0
214504,3.75
214507,3.75
214509,4.25
34131,3.25
34132,3.0
34133,3.25
34134,3.25
34135,3.0
34136,4.25
34137,4.0
34138,4.5
34139,4.75
34140,4.75
433315,3.5
433339,4.0
433346,3.75
433378,4.0
433416,3.75
433582,4.5
433585,4.0
433587,4.0
